Workbook

Sheet Icesi sin ADN 1-2-3 (cálculo me
A1: Periodo de ingreso - Estudiante | B1: No. Estudiantes | C1: No. Retirados Universidad | D1: No. Graduados Universidad | E1: Est. Activos Universidad | F1: % Retiro Universidad | G1: % Graduados Universidad | H1: % Activos Universidad
A2: 201910 | B2: 308 | C2: 43 | D2: 0 | E2: 265 | F2: 0.13961039 | G2: 0 | H2: 0.86038961
A3: 201920 | B3: 193 | C3: 30 | D3: 0 | E3: 163 | F3: 0.15544041 | G3: 0 | H3: 0.84455959
A4: 202010 | B4: 418 | C4: 28 | D4: 0 | E4: 390 | F4: 0.066985646 | G4: 0 | H4: 0.93301435
B6: 2021 | C6: 2022
B7: =((B2*F2)+(B3*F3))/(B2+B3) -> 0.14570858 | C7: =F4 -> 0.066985646

Sheet Icesi sin ADN (cálculo metas)
A1: Periodo de ingreso - Estudiante | B1: No. Estudiantes | C1: No. Retirados Universidad | D1: No. Graduados Universidad | E1: Est. Activos Universidad | F1: % Retiro Universidad | G1: % Graduados Universidad | H1: % Activos Universidad
A2: 197920 | B2: 40 | C2: 26 | D2: 14 | E2: 0 | F2: 0.65 | G2: 0.35 | H2: 0
A3: 198010 | B3: 5 | C3: 1 | D3: 4 | E3: 0 | F3: 0.2 | G3: 0.8 | H3: 0
A4: 198020 | B4: 37 | C4: 13 | D4: 24 | E4: 0 | F4: 0.35135135 | G4: 0.64864865 | H4: 0
A5: 198110 | B5: 4 | C5: 1 | D5: 3 | E5: 0 | F5: 0.25 | G5: 0.75 | H5: 0
A6: 198120 | B6: 41 | C6: 11 | D6: 30 | E6: 0 | F6: 0.26829268 | G6: 0.73170732 | H6: 0
A7: 198210 | B7: 40 | C7: 18 | D7: 22 | E7: 0 | F7: 0.45 | G7: 0.55 | H7: 0
A8: 198220 | B8: 50 | C8: 23 | D8: 27 | E8: 0 | F8: 0.46 | G8: 0.54 | H8: 0
A9: 198310 | B9: 42 | C9: 20 | D9: 22 | E9: 0 | F9: 0.47619048 | G9: 0.52380952 | H9: 0
A10: 198320 | B10: 57 | C10: 17 | D10: 40 | E10: 0 | F10: 0.29824561 | G10: 0.70175439 | H10: 0
A11: 198410 | B11: 109 | C11: 48 | D11: 61 | E11: 0 | F11: 0.44036697 | G11: 0.55963303 | H11: 0
A12: 198420 | B12: 142 | C12: 49 | D12: 93 | E12: 0 | F12: 0.34507042 | G12: 0.65492958 | H12: 0
A13: 198510 | B13: 121 | C13: 58 | D13: 63 | E13: 0 | F13: 0.47933884 | G13: 0.52066116 | H13: 0
... A84: 202020 | B84: 1 | C84: 0 | D84: 0 | E84: 1 | F84: 0 | G84: 0 | H84: 1
B86: 2021 | C86: 2022
B87: =((B82*F82)+(B83*F83))/(B82+B83) -> 0.1196984 | C87: =F84 -> 0

Sheet 1d. Retiro temprano.
B2: RETIRO TEMPRANO INSTITUCIONAL*
B3: Fecha de corte: grados 2024-2.
B4: * No incluye estudiantes de Administración Noctura ni estudiantes internacionales
B5: Periodo de ingreso - Estudiante | C5: No. Estudiantes al periodo de ingreso | D5: No. Retirados al iniciar el 4to semestre | E5: % Retiro al iniciar el 4to semestre | F5: No. Graduados al iniciar el 4to semestre | G5: % Graduados al iniciar el 4to semestre | H5: Est. Activos al iniciar 4to semestre | I5: % Activos de estudiantes activos al iniciar 4to semestre
B6: 201310 | C6: 477 | D6: 107 | E6: 0.22431866 | F6: 0 | G6: 0 | H6: 370 | I6: 0.77568134
B7: 201320 | C7: 580 | D7: 136 | E7: 0.23448276 | F7: 0 | G7: 0 | H7: 444 | I7: 0.76551724
B8: 201410 | C8: 475 | D8: 110 | E8: 0.232 | F8: 0 | G8: 0 | H8: 365 | I8: 0.768
B9: 201420 | C9: 739 | D9: 175 | E9: 0.237 | F9: 0 | G9: 0 | H9: 564 | I9: 0.763
B10: 201510 | C10: 838 | D10: 159 | E10: 0.19 | F10: 0 | G10: 0 | H10: 679 | I10: 0.81
B11: 201520 | C11: 591 | D11: 119 | E11: 0.20135364 | F11: 0 | G11: 0 | H11: 472 | I11: 0.79864636
B12: 201610 | C12: 985 | D12: 190 | E12: 0.1928934 | F12: 0 | G12: 0 | H12: 795 | I12: 0.8071066
B13: 201620 | C13: 669 | D13: 137 | E13: 0.20478326 | F13: 0 | G13: 0 | H13: 532 | I13: 0.79521674
B14: 201710 | C14: 812 | D14: 156 | E14: 0.19211823 | F14: 0 | G14: 0 | H14: 656 | I14: 0.80788177
B15: 201720 | C15: 619 | D15: 107 | E15: 0.17285945 | F15: 0 | G15: 0 | H15: 512 | I15: 0.82714055
B16: 201810 | C16: 647 | D16: 114 | E16: 0.17619784 | F16: 0 | G16: 0 | H16: 533 | I16: 0.82380216
B17: 201820 | C17: 570 | D17: 90 | E17: 0.15789474 | F17: 0 | G17: 0 | H17: 480 | I17: 0.84210526
... B23: 202120 | C23: 509 | D23: 70 | E23: 0.13752456 | F23: 0 | G23: 0 | H23: 439 | I23: 0.86247544
B24: 202210 | C24: 584 | D24: 70 | E24: =D24/C24 -> 0.11986301 | F24: 0 | G24: =F24/C24 -> 0 | H24: 514 | I24: =H24/C24 -> 0.88013699
B25: 202220 | C25: 641 | D25: 94 | E25: =D25/C25 -> 0.14664587 | F25: 0 | G25: =F25/C25 -> 0 | H25: 547 | I25: =H25/C25 -> 0.85335413
B26: 202310 | C26: 552 | D26: 77 | E26: =D26/C26 -> 0.13949275 | F26: 0 | G26: =F26/C26 -> 0 | H26: 475 | I26: =H26/C26 -> 0.86050725
C27: =SUM(C6:C26) -> 12824 | D27: =SUM(D6:D26) -> 2244 | E27: =D27/C27 -> 0.1749844
B28: Indicador institucional - 1d. Retiro temprano % de retiro de las cohortes con 3 semestres de estudio calculado en una ventana de 1 año
B29: Promedio ponderado con MED y sin ADN
B30: **2014 122-131 | C30: 2015 132-141 | D30: 2016 142-151 | E30: 2017 152-161 | F30: 2018 162-171 | G30: 2019 172-181 | H30: 2020 182-191 | I30: 2021 192-201 | J30: 2022 202-211 | K30: 2023 212-221 | L30: 2024-1*** 222
B31: =+E6 -> 0.22431866 | C31: =+((C7*E7)+(C8*E8))/(C7+C8) -> 0.23336493 | D31: =+((C9*E9)+(C10*E10))/(C9+C10) -> 0.21202473 | E31: =+((C11*E11)+(C12*E12))/(C11+C12) -> 0.19606599 | F31: =+((C13*E13)+(C14*E14))/(C13+C14) -> 0.1978393 | G31: =((C15*E15)+(C16*E16))/(C15+C16) -> 0.17456556 | H31: =((C17*E17)+(C18*E18))/(C17+C18) -> 0.16216216 | I31: =((C19*E19)+(C20*E20))/(C19+C20) -> 0.13867925 | J31: =((C21*E21)+(C22*E22))/(C21+C22) -> 0.10694574 | K31: =(D23+D24)/(C23+C24) -> 0.12808783 | L31: =E25 -> 0.14664587
B32: ** para el ano 2014 solo se tomó el porcentaje de retiro del periodo 131 porque no se contaba con el porcentaje del periodo 122
B33: ***Para el periodo 2024-1 sólo se tomo el procentaje de 202220 que a esa fecha de medición cumple 3 semestres de estudio cursado y están en su cuarto semestre.

Sheet 3c.Retiro temprano 1, 2 y 3 
B2: RETIRO TEMPRANO INSTITUCIONAL (Estratos 1, 2 y 3)*
B3: Fecha de corte: grados 2024-2.
B4: * No incluye estudiantes de Administración Noctura ni estudiantes internacionales
B5: Periodo de ingreso - Estudiante | C5: No. Estudiantes al periodo de ingreso | D5: No. Retirados al iniciar el 4to semestre | E5: % Retiro al iniciar el 4to semestre | F5: No. Graduados al iniciar el 4to semestre | G5: % Graduados al iniciar el 4to semestre | H5: Est. Activos al iniciar 4to semestre | I5: % Activos de estudiantes activos al iniciar 4to semestre
B6: 201310 | C6: 340 | D6: 68 | E6: 0.2 | F6: 0 | G6: 0 | H6: 272 | I6: 0.8
B7: 201320 | C7: 277 | D7: 68 | E7: 0.24548736 | F7: 0 | G7: 0 | H7: 209 | I7: 0.75451264
B8: 201410 | C8: 329 | D8: 67 | E8: 0.204 | F8: 0 | G8: 0 | H8: 262 | I8: 0.796
B9: 201420 | C9: 351 | D9: 82 | E9: 0.23361823 | F9: 0 | G9: 0 | H9: 269 | I9: 0.76638177
B10: 201510 | C10: 685 | D10: 124 | E10: 0.1810219 | F10: 0 | G10: 0 | H10: 561 | I10: 0.8189781
B11: 201520 | C11: 267 | D11: 59 | E11: 0.22097378 | F11: 0 | G11: 0 | H11: 208 | I11: 0.77902622
B12: 201610 | C12: 812 | D12: 145 | E12: 0.17857143 | F12: 0 | G12: 0 | H12: 667 | I12: 0.82142857
B13: 201620 | C13: 282 | D13: 60 | E13: 0.21276596 | F13: 0 | G13: 0 | H13: 222 | I13: 0.78723404
B14: 201710 | C14: 634 | D14: 110 | E14: 0.17350158 | F14: 0 | G14: 0 | H14: 524 | I14: 0.82649842
B15: 201720 | C15: 247 | D15: 35 | E15: 0.1417004 | F15: 0 | G15: 0 | H15: 212 | I15: 0.8582996
B16: 201810 | C16: 444 | D16: 72 | E16: 0.16216216 | F16: 0 | G16: 0 | H16: 372 | I16: 0.83783784
B17: 201820 | C17: 218 | D17: 44 | E17: 0.20183486 | F17: 0 | G17: 0 | H17: 174 | I17: 0.79816514
... B23: 202120 | C23: 250 | D23: 27 | E23: 0.108 | F23: 0 | G23: 0 | H23: 223 | I23: 0.892
B24: 202210 | C24: =IF(RIGHT($B24,2)="10",_xlfn.XLOOKUP(TEXT($B24,"@"),'[1]ICESI SIN ADN 123'!$A:$A,'[1]ICESI SIN ADN 123'!B:B,0),_xlfn.XLOOKUP(TEXT($B24,"@"),'[2]ICESI SIN ADN 123'!$A:$A,'[2]ICESI SIN ADN 123'!B:B,0)) -> 421 | D24: =IF(RIGHT($B24,2)="10",_xlfn.XLOOKUP(TEXT($B24,"@"),'[1]ICESI SIN ADN 123'!$A:$A,'[1]ICESI SIN ADN 123'!C:C,0),_xlfn.XLOOKUP(TEXT($B24,"@"),'[2]ICESI SIN ADN 123'!$A:$A,'[2]ICESI SIN ADN 123'!C:C,0)) -> 37 | E24: =IFERROR(D24/C24,0) -> 0.087885986 | F24: =IF(RIGHT($B24,2)="10",_xlfn.XLOOKUP(TEXT($B24,"@"),'[1]ICESI SIN ADN 123'!$A:$A,'[1]ICESI SIN ADN 123'!D:D,0),_xlfn.XLOOKUP(TEXT($B24,"@"),'[2]ICESI SIN ADN 123'!$A:$A,'[2]ICESI SIN ADN 123'!D:D,0)) -> 0 | G24: =IFERROR(F24/C24,0) -> 0 | H24: =C24-D24 -> 384 | I24: =IFERROR(H24/C24,0) -> 0.91211401
B25: 202220 | C25: =IF(RIGHT($B25,2)="10",_xlfn.XLOOKUP(TEXT($B25,"@"),'[1]ICESI SIN ADN 123'!$A:$A,'[1]ICESI SIN ADN 123'!B:B,0),_xlfn.XLOOKUP(TEXT($B25,"@"),'[2]ICESI SIN ADN 123'!$A:$A,'[2]ICESI SIN ADN 123'!B:B,0)) -> 357 | D25: =IF(RIGHT($B25,2)="10",_xlfn.XLOOKUP(TEXT($B25,"@"),'[1]ICESI SIN ADN 123'!$A:$A,'[1]ICESI SIN ADN 123'!C:C,0),_xlfn.XLOOKUP(TEXT($B25,"@"),'[2]ICESI SIN ADN 123'!$A:$A,'[2]ICESI SIN ADN 123'!C:C,0)) -> 52 | E25: =IFERROR(D25/C25,0) -> 0.14565826 | F25: =IF(RIGHT($B25,2)="10",_xlfn.XLOOKUP(TEXT($B25,"@"),'[1]ICESI SIN ADN 123'!$A:$A,'[1]ICESI SIN ADN 123'!D:D,0),_xlfn.XLOOKUP(TEXT($B25,"@"),'[2]ICESI SIN ADN 123'!$A:$A,'[2]ICESI SIN ADN 123'!D:D,0)) -> 0 | G25: =IFERROR(F25/C25,0) -> 0 | H25: =C25-D25 -> 305 | I25: =IFERROR(H25/C25,0) -> 0.85434174
B26: 202310 | C26: 393 | D26: 55 | E26: =IFERROR(D26/C26,0) -> 0.13994911 | F26: 0 | G26: =IFERROR(F26/C26,0) -> 0 | H26: 338 | I26: =IFERROR(H26/C26,0) -> 0.86005089
B28: Indicador institucional - 3b. Retiro temprano 1, 2 y 3 % de retiro de las cohortes con 3 semestres de estudio calculado en una ventana de 1 año
B29: Promedio ponderado con MED y sin ADN
B30: **2014 122-131 | C30: 2015 132-141 | D30: 2016 142-151 | E30: 2017 152-161 | F30: 2018 162-171 | G30: 2019 172-181 | H30: 2020 182-191 | I30: 2021 192-201 | J30: 2022 202-211 | K30: ='1d. Retiro temprano.'!K30 -> 2023 212-221 | L30: 2024-1*** 222
B31: =+E6 -> 0.2 | C31: =((C7*E7)+(C8*E8))/(C7+C8) -> 0.2229637 | D31: =((C9*E9)+(C10*E10))/(C9+C10) -> 0.1988417 | E31: =((C11*E11)+(C12*E12))/(C11+C12) -> 0.18906395 | F31: =((C13*E13)+(C14*E14))/(C13+C14) -> 0.18558952 | G31: =((C15*E15)+(C16*E16))/(C15+C16) -> 0.15484805 | H31: =((C17*E17)+(C18*E18))/(C17+C18) -> 0.16539924 | I31: =((C19*E19)+(C20*E20))/(C19+C20) -> 0.10656443 | J31: =((C21*E21)+(C22*E22))/(C21+C22) -> 0.083333333 | K31: =(D23+D24)/(C23+C24) -> 0.09538003 | L31: =E25 -> 0.14565826
B32: ** para el ano 2014 solo se tomó el porcentaje de retiro del periodo 131 porque no se contaba con el porcentaje del periodo 122
B33: ***Para el periodo 2024-1 sólo se tomo el procentaje de 202220 que a esa fecha de medición cumple 3 semestres de estudio cursado y están en su cuarto semestre.

Sheet FNE
A1: Fecha de corte: grados 2024-2. | M1: Fecha de corte: grados 2024-2.
A3: RETIRO TEMPRANO FCAE | M3: RETIRO TEMPRANO FCAE-ESTRATOS 1,2 Y 3
A4: Periodo de ingreso - Estudiante | B4: No. Estudiantes al periodo de ingreso | C4: No. Retirados al iniciar el 4to semestre | D4: % Retiro al iniciar el 4to semestre | E4: No. Graduados al iniciar el 4to semestre | F4: % Graduados al iniciar el 4to semestre | G4: Est. Activos al iniciar 4to semestre | H4: % Activos de estudiantes activos al iniciar 4to semestre | M4: Periodo de ingreso - Estudiante | N4: No. Estudiantes al periodo de ingreso | O4: No. Retirados al iniciar el 4to semestre | P4: % Retiro al iniciar el 4to semestre | Q4: No. Graduados al iniciar el 4to semestre | R4: % Graduados al iniciar el 4to semestre | S4: Est. Activos al iniciar 4to semestre | T4: % Activos de estudiantes activos al iniciar 4to semestre
A5: 201310 | B5: 212 | C5: 48 | D5: =C5/B5 -> 0.22641509 | E5: 0 | F5: =E5/B5 -> 0 | G5: 164 | H5: =G5/B5 -> 0.77358491 | M5: 201310 | N5: 89 | O5: 16 | P5: =O5/N5 -> 0.17977528 | Q5: 0 | R5: =Q5/N5 -> 0 | S5: 73 | T5: =S5/N5 -> 0.82022472
A6: 201320 | B6: 212 | C6: 52 | D6: =C6/B6 -> 0.24528302 | E6: 0 | F6: =E6/B6 -> 0 | G6: 160 | H6: =G6/B6 -> 0.75471698 | M6: 201320 | N6: 89 | O6: 19 | P6: =O6/N6 -> 0.21348315 | Q6: 0 | R6: =Q6/N6 -> 0 | S6: 70 | T6: =S6/N6 -> 0.78651685
A7: 201410 | B7: 148 | C7: 33 | D7: =C7/B7 -> 0.22297297 | E7: 0 | F7: =E7/B7 -> 0 | G7: 115 | H7: =G7/B7 -> 0.77702703 | M7: 201410 | N7: 91 | O7: 15 | P7: =O7/N7 -> 0.16483516 | Q7: 0 | R7: =Q7/N7 -> 0 | S7: 76 | T7: =S7/N7 -> 0.83516484
A8: 201420 | B8: 285 | C8: 73 | D8: =C8/B8 -> 0.25614035 | E8: 0 | F8: =E8/B8 -> 0 | G8: 212 | H8: =G8/B8 -> 0.74385965 | M8: 201420 | N8: 100 | O8: 23 | P8: =O8/N8 -> 0.23 | Q8: 0 | R8: =Q8/N8 -> 0 | S8: 77 | T8: =S8/N8 -> 0.77
A9: 201510 | B9: 242 | C9: 49 | D9: =C9/B9 -> 0.20247934 | E9: 0 | F9: =E9/B9 -> 0 | G9: 193 | H9: =G9/B9 -> 0.79752066 | M9: 201510 | N9: 172 | O9: 31 | P9: =O9/N9 -> 0.18023256 | Q9: 0 | R9: =Q9/N9 -> 0 | S9: 141 | T9: =S9/N9 -> 0.81976744
A10: 201520 | B10: 201 | C10: 39 | D10: =C10/B10 -> 0.19402985 | E10: 0 | F10: =E10/B10 -> 0 | G10: 162 | H10: =G10/B10 -> 0.80597015 | M10: 201520 | N10: 78 | O10: 13 | P10: =O10/N10 -> 0.16666667 | Q10: 0 | R10: =Q10/N10 -> 0 | S10: 65 | T10: =S10/N10 -> 0.83333333
A11: 201610 | B11: 301 | C11: 78 | D11: =C11/B11 -> 0.25913621 | E11: 0 | F11: =E11/B11 -> 0 | G11: 223 | H11: =G11/B11 -> 0.74086379 | M11: 201610 | N11: 207 | O11: 51 | P11: =O11/N11 -> 0.24637681 | Q11: 0 | R11: =Q11/N11 -> 0 | S11: 156 | T11: =S11/N11 -> 0.75362319
A12: 201620 | B12: 329 | C12: 80 | D12: =C12/B12 -> 0.24316109 | E12: 3 | F12: =E12/B12 -> 0.009118541 | G12: 246 | H12: =G12/B12 -> 0.74772036 | M12: 201620 | N12: 134 | O12: 47 | P12: =O12/N12 -> 0.35074627 | Q12: 2 | R12: =Q12/N12 -> 0.014925373 | S12: 85 | T12: =S12/N12 -> 0.63432836
A13: 201710 | B13: 216 | C13: 45 | D13: =C13/B13 -> 0.20833333 | E13: 0 | F13: =E13/B13 -> 0 | G13: 171 | H13: =G13/B13 -> 0.79166667 | M13: 201710 | N13: 148 | O13: 30 | P13: =O13/N13 -> 0.2027027 | Q13: 0 | R13: =Q13/N13 -> 0 | S13: 118 | T13: =S13/N13 -> 0.7972973
A14: 201720 | B14: 240 | C14: 43 | D14: =C14/B14 -> 0.17916667 | E14: 0 | F14: =E14/B14 -> 0 | G14: 197 | H14: =G14/B14 -> 0.82083333 | M14: 201720 | N14: 88 | O14: 13 | P14: =O14/N14 -> 0.14772727 | Q14: 0 | R14: =Q14/N14 -> 0 | S14: 75 | T14: =S14/N14 -> 0.85227273
A15: 201810 | B15: 206 | C15: 36 | D15: =C15/B15 -> 0.17475728 | E15: 0 | F15: =E15/B15 -> 0 | G15: 170 | H15: =G15/B15 -> 0.82524272 | M15: 201810 | N15: 102 | O15: 19 | P15: =O15/N15 -> 0.18627451 | Q15: 0 | R15: =Q15/N15 -> 0 | S15: 83 | T15: =S15/N15 -> 0.81372549
A16: 201820 | B16: 202 | C16: 39 | D16: =C16/B16 -> 0.19306931 | E16: 0 | F16: =E16/B16 -> 0 | G16: 163 | H16: =G16/B16 -> 0.80693069 | M16: 201820 | N16: 74 | O16: 16 | P16: =O16/N16 -> 0.21621622 | Q16: 0 | R16: =Q16/N16 -> 0 | S16: 58 | T16: =S16/N16 -> 0.78378378
... A21: 202110 | B21: 162 | C21: 18 | D21: =C21/B21 -> 0.11111111 | E21: 0 | F21: =E21/B21 -> 0 | G21: 144 | H21: =G21/B21 -> 0.88888889 | M21: 202110 | N21: 78 | O21: 7 | P21: =O21/N21 -> 0.08974359 | Q21: 0 | R21: =Q21/N21 -> 0 | S21: 71 | T21: =S21/N21 -> 0.91025641
A22: 202120 | B22: 142 | C22: 29 | D22: 0.20422535 | E22: 0 | F22: 0 | G22: 113 | H22: 0.79577465 | M22: 202120 | N22: 60 | O22: 12 | P22: 0.2 | Q22: 0 | R22: 0 | S22: 48 | T22: 0.8
A23: 202210 | B23: =IF(RIGHT($A23,2)="10",_xlfn.XLOOKUP($A23,[1]FCAE!$B:$B,[1]FCAE!C:C,0),_xlfn.XLOOKUP($A23,[2]FCAE!$K:$K,[2]FCAE!L:L,0)) -> 294 | C23: =IF(RIGHT($A23,2)="10",_xlfn.XLOOKUP($A23,[1]FCAE!$B:$B,[1]FCAE!D:D,0),_xlfn.XLOOKUP($A23,[2]FCAE!$K:$K,[2]FCAE!M:M,0)) -> 49 | D23: =IFERROR(C23/B23,0) -> 0.16666667 | E23: =IF(RIGHT($A23,2)="10",_xlfn.XLOOKUP($A23,[1]FCAE!$B:$B,[1]FCAE!F:F,0),_xlfn.XLOOKUP($A23,[2]FCAE!$K:$K,[2]FCAE!O:O,0)) -> 0 | F23: =IFERROR(E23/B23,0) -> 0 | G23: =B23-C23 -> 245 | H23: =IFERROR(G23/B23,0) -> 0.83333333 | M23: 202210 | N23: =IF(RIGHT($A23,2)="10",_xlfn.XLOOKUP($A23,'[1]FCAE 123'!$B:$B,'[1]FCAE 123'!C:C,0),_xlfn.XLOOKUP($A23,'[2]FCAE 123'!$K:$K,'[2]FCAE 123'!L:L,0)) -> 159 | O23: =IF(RIGHT($A23,2)="10",_xlfn.XLOOKUP($A23,'[1]FCAE 123'!$B:$B,'[1]FCAE 123'!D:D,0),_xlfn.XLOOKUP($A23,'[2]FCAE 123'!$K:$K,'[2]FCAE 123'!M:M,0)) -> 24 | P23: =IFERROR(O23/N23,0) -> 0.1509434 | Q23: =IF(RIGHT($A23,2)="10",_xlfn.XLOOKUP($A23,'[1]FCAE 123'!$B:$B,'[1]FCAE 123'!F:F,0),_xlfn.XLOOKUP($A23,'[2]FCAE 123'!$K:$K,'[2]FCAE 123'!O:O,0)) -> 0 | R23: =IFERROR(Q23/N23,0) -> 0 | S23: =N23-O23 -> 135 | T23: =IFERROR(S23/N23,0) -> 0.8490566
A24: 202220 | B24: =IF(RIGHT($A24,2)="10",_xlfn.XLOOKUP($A24,[1]FCAE!$B:$B,[1]FCAE!C:C,0),_xlfn.XLOOKUP($A24,[2]FCAE!$K:$K,[2]FCAE!L:L,0)) -> 175 | C24: =IF(RIGHT($A24,2)="10",_xlfn.XLOOKUP($A24,[1]FCAE!$B:$B,[1]FCAE!D:D,0),_xlfn.XLOOKUP($A24,[2]FCAE!$K:$K,[2]FCAE!M:M,0)) -> 40 | D24: =IFERROR(C24/B24,0) -> 0.22857143 | E24: =IF(RIGHT($A24,2)="10",_xlfn.XLOOKUP($A24,[1]FCAE!$B:$B,[1]FCAE!F:F,0),_xlfn.XLOOKUP($A24,[2]FCAE!$K:$K,[2]FCAE!O:O,0)) -> 0 | F24: =IFERROR(E24/B24,0) -> 0 | G24: =B24-C24 -> 135 | H24: =IFERROR(G24/B24,0) -> 0.77142857 | M24: 202220 | N24: =IF(RIGHT($A24,2)="10",_xlfn.XLOOKUP($A24,'[1]FCAE 123'!$B:$B,'[1]FCAE 123'!C:C,0),_xlfn.XLOOKUP($A24,'[2]FCAE 123'!$K:$K,'[2]FCAE 123'!L:L,0)) -> 97 | O24: =IF(RIGHT($A24,2)="10",_xlfn.XLOOKUP($A24,'[1]FCAE 123'!$B:$B,'[1]FCAE 123'!D:D,0),_xlfn.XLOOKUP($A24,'[2]FCAE 123'!$K:$K,'[2]FCAE 123'!M:M,0)) -> 20 | P24: =IFERROR(O24/N24,0) -> 0.20618557 | Q24: =IF(RIGHT($A24,2)="10",_xlfn.XLOOKUP($A24,'[1]FCAE 123'!$B:$B,'[1]FCAE 123'!F:F,0),_xlfn.XLOOKUP($A24,'[2]FCAE 123'!$K:$K,'[2]FCAE 123'!O:O,0)) -> 0 | R24: =IFERROR(Q24/N24,0) -> 0 | S24: =N24-O24 -> 77 | T24: =IFERROR(S24/N24,0) -> 0.79381443
A25: 202310 | B25: 179 | C25: 28 | D25: =IFERROR(C25/B25,0) -> 0.15642458 | E25: 0 | F25: =IFERROR(E25/B25,0) -> 0 | G25: 151 | H25: =IFERROR(G25/B25,0) -> 0.84357542 | M25: 202310 | N25: 104 | O25: 20 | P25: =IFERROR(O25/N25,0) -> 0.19230769 | Q25: 0 | R25: =IFERROR(Q25/N25,0) -> 0 | S25: 84 | T25: =IFERROR(S25/N25,0) -> 0.80769231
A27: Indicador institucional - 1d. Retiro temprano % de retiro de las cohortes con 3 semestres de estudio calculado en una ventana de 1 año | M27: Indicador institucional - 3b. Retiro temprano 1, 2 y 3 % de retiro de las cohortes con 3 semestres de estudio calculado en una ventana de 1 año
A28: *2014 122-131 | B28: 2015 132-141 | C28: 2016 142-151 | D28: 2017 152-161 | E28: 2018 162-171 | F28: 2019 172-181 | G28: 2020 182-191 | H28: 2021 192-201 | I28: 2022 202-211 | J28: ='1d. Retiro temprano.'!K30 -> 2023 212-221 | K28: ='1d. Retiro temprano.'!L30 -> 2024-1*** 222 | M28: *2014 122-131 | N28: 2015 132-141 | O28: 2016 142-151 | P28: 2017 152-161 | Q28: 2018 162-171 | R28: 2019 172-181 | S28: 2020 182-191 | T28: 2021 192-201 | U28: 2022 202-211 | V28: =J28 -> 2023 212-221 | W28: =K28 -> 2024-1*** 222
A29: =D5 -> 0.22641509 | B29: =+((B6*D6)+(B7*D7))/(B6+B7) -> 0.23611111 | C29: =((B8*D8)+(B9*D9))/(B8+B9) -> 0.23149905 | D29: =+((B10*D10)+(B11*D11))/(B10+B11) -> 0.23306773 | E29: =((B12*D12)+(B13*D13))/(B12+B13) -> 0.2293578 | F29: =((B14*D14)+(B15*D15))/(B14+B15) -> 0.17713004 | G29: =((B16*D16)+(B17*D17))/(B16+B17) -> 0.20418848 | H29: =((B18*D18)+(B19*D19))/(B18+B19) -> 0.13612565 | I29: =((B20*D20)+(B21*D21))/(B20+B21) -> 0.11267606 | J29: =(C22+C23)/(B22+B23) -> 0.17889908 | K29: =D24 -> 0.22857143 | M29: =P5 -> 0.17977528 | N29: =+((N6*P6)+(N7*P7))/(N6+N7) -> 0.18888889 | O29: =((N8*P8)+(N9*P9))/(N8+N9) -> 0.19852941 | P29: =+((N10*P10)+(N11*P11))/(N10+N11) -> 0.2245614 | Q29: =((N12*P12)+(N13*P13))/(N12+N13) -> 0.27304965 | R29: =((N14*P14)+(N15*P15))/(N14+N15) -> 0.16842105 | S29: =((N16*P16)+(N17*P17))/(N16+N17) -> 0.18125 | T29: =((N18*P18)+(N19*P19))/(N18+N19) -> 0.13605442 | U29: =((N20*P20)+(N21*P21))/(N20+N21) -> 0.090909091 | V29: =(O22+O23)/(N22+N23) -> 0.16438356 | W29: =P24 -> 0.20618557
A30: * para el año 2014 solo se tomó el porcentaje de retiro del periodo 131 porque no se contaba con el porcentaje del periodo 122 | M30: * para el año 2014 solo se tomó el porcentaje de retiro del periodo 131 porque no se contaba con el porcentaje del periodo 122
A31: ** Para el periodo 2024-1 sólo se tomo el procentaje de 202220 que a esa fecha de medición cumple 3 semestres de estudio cursado y están en su cuarto semestre. | M31: ** Para el periodo 2024-1 sólo se tomo el procentaje de 202220 que a esa fecha de medición cumple 3 semestres de estudio cursado y están en su cuarto semestre.

Sheet EA
B1: Fecha de actualización: marzo de 2022 | K1: Fecha de actualización: marzo de 2022
B2: RETIRO TEMPRANO ESCUELA DE ADMINISTRACIÓN (FCAE) | K2: RETIRO TEMPRANO ESCUELA DE ADMINISTRACIÓN (FCAE)
B3: Periodo de ingreso - Estudiante | C3: No. Estudiantes al periodo de ingreso | D3: No. Retirados al iniciar el 4to semestre | E3: % Retiro al iniciar el 4to semestre | F3: No. Graduados al iniciar el 4to semestre | G3: % Graduados al iniciar el 4to semestre | H3: Est. Activos al iniciar 4to semestre | I3: % Activos de estudiantes activos al iniciar 4to semestre | K3: Periodo de ingreso - Estudiante | L3: No. Estudiantes al periodo de ingreso | M3: No. Retirados al iniciar el 4to semestre | N3: % Retiro al iniciar el 4to semestre | O3: No. Graduados al iniciar el 4to semestre | P3: % Graduados al iniciar el 4to semestre | Q3: Est. Activos al iniciar 4to semestre | R3: % Activos de estudiantes activos al iniciar 4to semestre
B4: 201820 | C4: 133 | D4: 23 | E4: 0.17293233 | F4: 0 | G4: 0 | H4: 110 | I4: 0.82706767 | K4: 201820 | L4: 46 | M4: 11 | N4: 0.23913043 | O4: 0 | P4: 0 | Q4: 35 | R4: 0.76086957
B5: 201910 | C5: 102 | D5: 29 | E5: 0.28431373 | F5: 0 | G5: 0 | H5: 73 | I5: 0.71568627 | K5: 201910 | L5: 35 | M5: 9 | N5: 0.25714286 | O5: 0 | P5: 0 | Q5: 26 | R5: 0.74285714
B6: 201920 | C6: 126 | D6: 21 | E6: 0.1667 | F6: 0 | G6: 0 | H6: 105 | I6: 0.8333 | K6: 201920 | L6: 39 | M6: 6 | N6: 0.1538 | O6: 0 | P6: 0 | Q6: 33 | R6: 0.8462
B7: 202010 | C7: 100 | D7: 13 | E7: 0.13 | F7: 0 | G7: 0 | H7: 87 | I7: 0.87 | K7: 202010 | L7: 30 | M7: 5 | N7: 0.16666667 | O7: 0 | P7: 0 | Q7: 25 | R7: 0.83333333
B9: Indicador institucional - 1d. Retiro temprano % de retiro de las cohortes con 3 semestres de estudio calculado en una ventana de 1 año | K9: Indicador institucional - 3b. Retiro temprano 1, 2 y 3 % de retiro de las cohortes con 3 semestres de estudio calculado en una ventana de 1 año
B10: 2014 122-131 | C10: 2015 132-141 | D10: 2016 142-151 | E10: 2017 152-161 | F10: 2018 162-171 | G10: 2019 172-181 | H10: **2020 182-191 | I10: 2021 192-201 | K10: 2014 122-131 | L10: 2015 132-141 | M10: 2016 142-151 | N10: 2017 152-161 | O10: 2018 162-171 | P10: 2019 172-181 | Q10: **2020 182-191 | R10: 2021 192-201
B11: - | C11: - | D11: - | E11: - | F11: - | G11: - | H11: =((C4*E4)+(C5*E5))/(C4+C5) -> 0.2212766 | I11: =((C6*E6)+(C7*E7))/(C6+C7) -> 0.15046106 | K11: - | L11: - | M11: - | N11: - | O11: - | P11: - | Q11: =((L4*N4)+(L5*N5))/(L4+L5) -> 0.24691358 | R11: =((L6*N6)+(L7*N7))/(L6+L7) -> 0.1593942
B12: ** la desagregación a nivel de escuelas se empieza a realizar desde el 2020-1, pues las escuelas nacieron en el 2019. | K12: ** la desagregación a nivel de escuelas se empieza a realizar desde el 2020-1, pues las escuelas nacieron en el 2019.
B13: La Escuela de Administración contiene los programas de Administración de Empresas (diurna y nocturna) y Mercadeo y Publicidad Internacional. | K13: La Escuela de Administración contiene los programas de Administración de Empresas (diurna y nocturna) y Mercadeo y Publicidad Internacional.

Sheet EE
B1: Fecha de actualización: marzo de 2022 | K1: Fecha de actualización: marzo de 2022
B2: RETIRO TEMPRANO ESCUELA DE ECONOMÍA (FCAE) | K2: RETIRO TEMPRANO ESCUELA DE ECONOMÍA (FCAE)
B3: Periodo de ingreso - Estudiante | C3: No. Estudiantes al periodo de ingreso | D3: No. Retirados al iniciar el 4to semestre | E3: % Retiro al iniciar el 4to semestre | F3: No. Graduados al iniciar el 4to semestre | G3: % Graduados al iniciar el 4to semestre | H3: Est. Activos al iniciar 4to semestre | I3: % Activos de estudiantes activos al iniciar 4to semestre | K3: Periodo de ingreso - Estudiante | L3: No. Estudiantes al periodo de ingreso | M3: No. Retirados al iniciar el 4to semestre | N3: % Retiro al iniciar el 4to semestre | O3: No. Graduados al iniciar el 4to semestre | P3: % Graduados al iniciar el 4to semestre | Q3: Est. Activos al iniciar 4to semestre | R3: % Activos de estudiantes activos al iniciar 4to semestre
B4: 201820 | C4: 69 | D4: 18 | E4: 0.26086957 | F4: 0 | G4: 0 | H4: 51 | I4: 0.73913043 | K4: 201820 | L4: 28 | M4: 5 | N4: 0.17857143 | O4: 0 | P4: 0 | Q4: 23 | R4: 0.82142857
B5: 201910 | C5: 78 | D5: 11 | E5: 0.14102564 | F5: 0 | G5: 0 | H5: 67 | I5: 0.85897436 | K5: 201910 | L5: 51 | M5: 4 | N5: 0.078431373 | O5: 0 | P5: 0 | Q5: 47 | R5: 0.92156863
B6: 201920 | C6: 84 | D6: 18 | E6: 0.2143 | F6: 0 | G6: 0 | H6: 66 | I6: 0.7857 | K6: 201920 | L6: 30 | M6: 6 | N6: 0.2 | O6: 0 | P6: 0 | Q6: 24 | R6: 0.8
B7: 202010 | C7: 80 | D7: 14 | E7: 0.175 | F7: 0 | G7: 0 | H7: 66 | I7: 0.825 | K7: 202010 | L7: 52 | M7: 10 | N7: 0.19230769 | O7: 0 | P7: 0 | Q7: 42 | R7: 0.80769231
B9: Indicador institucional - 1d. Retiro temprano % de retiro de las cohortes con 3 semestres de estudio calculado en una ventana de 1 año | K9: Indicador institucional - 3b. Retiro temprano 1, 2 y 3 % de retiro de las cohortes con 3 semestres de estudio calculado en una ventana de 1 año
B10: 2014 122-131 | C10: 2015 132-141 | D10: 2016 142-151 | E10: 2017 152-161 | F10: 2018 162-171 | G10: 2019 172-181 | H10: **2020 182-191 | I10: 2021 192-201 | K10: 2014 122-131 | L10: 2015 132-141 | M10: 2016 142-151 | N10: 2017 152-161 | O10: 2018 162-171 | P10: 2019 172-181 | Q10: **2020 182-191 | R10: 2021 192-201
B11: - | C11: - | D11: - | E11: - | F11: - | G11: - | H11: =((C4*E4)+(C5*E5))/(C4+C5) -> 0.19727891 | I11: =((C6*E6)+(C7*E7))/(C6+C7) -> 0.19512927 | K11: - | L11: - | M11: - | N11: - | O11: - | P11: - | Q11: =((L4*N4)+(L5*N5))/(L4+L5) -> 0.11392405 | R11: =((L6*N6)+(L7*N7))/(L6+L7) -> 0.19512195
B12: ** la desagregación a nivel de escuelas se empieza a realizar desde el 2020-1, pues las escuelas nacieron en el 2019. | K12: ** la desagregación a nivel de escuelas se empieza a realizar desde el 2020-1, pues las escuelas nacieron en el 2019.
B13: La escuela de Economía contiene los programas de: Economía y Negocios Internacionales, Economía y Contaduría y Finanzas. | K13: La escuela de Economía contiene los programas de: Economía y Negocios Internacionales, Economía y Contaduría y Finanzas.

Sheet ADD
A1: Fecha de corte: grados 2024-2. | M1: Fecha de corte: grados 2024-2.
A3: RETIRO TEMPRANO ADD | M3: RETIRO TEMPRANO ADD-ESTRATOS 1, 2 Y 3
A5: Periodo de ingreso - Estudiante | B5: No. Estudiantes | C5: No. Retirados | D5: % Retiro | E5: No. Graduados | F5: % Graduados | G5: Est. Activos | H5: % Activos | M5: Periodo de ingreso - Estudiante | N5: No. Estudiantes | O5: No. Retirados | P5: % Retiro | Q5: No. Graduados | R5: % Graduados | S5: Est. Activos | T5: % Activos
A6: 201310 | B6: 27 | C6: 5 | D6: 0.18518519 | E6: 0 | F6: 0 | G6: 22 | H6: 0.81481481 | M6: 201310 | N6: 11 | O6: 0 | P6: 0 | Q6: 0 | R6: 0 | S6: 11 | T6: 1
A7: 201320 | B7: 36 | C7: 11 | D7: 0.30555556 | E7: 0 | F7: 0 | G7: 25 | H7: 0.69444444 | M7: 201320 | N7: 13 | O7: 2 | P7: 0.154 | Q7: 0 | R7: 0 | S7: 11 | T7: 0.846
A8: 201410 | B8: 28 | C8: 8 | D8: 0.286 | E8: 0 | F8: 0 | G8: 20 | H8: 0.714 | M8: 201410 | N8: 13 | O8: 2 | P8: 0.154 | Q8: 0 | R8: 0 | S8: 11 | T8: 0.846
A9: 201420 | B9: 51 | C9: 11 | D9: 0.216 | E9: 0 | F9: 0 | G9: 40 | H9: 0.784 | M9: 201420 | N9: 9 | O9: 0 | P9: 0 | Q9: 0 | R9: 0 | S9: 9 | T9: 1
A10: 201510 | B10: 39 | C10: 12 | D10: 0.308 | E10: 0 | F10: 0 | G10: 27 | H10: 0.692 | M10: 201510 | N10: 15 | O10: 5 | P10: 0.333 | Q10: 0 | R10: 0 | S10: 10 | T10: 0.667
A11: 201520 | B11: 61 | C11: 15 | D11: 0.24590164 | E11: 0 | F11: 0 | G11: 46 | H11: 0.75409836 | M11: 201520 | N11: 13 | O11: 2 | P11: 0.15384615 | Q11: 0 | R11: 0 | S11: 11 | T11: 0.84615385
A12: 201610 | B12: 67 | C12: 19 | D12: 0.28358209 | E12: 0 | F12: 0 | G12: 48 | H12: 0.71641791 | M12: 201610 | N12: 32 | O12: 9 | P12: 0.28125 | Q12: 0 | R12: 0 | S12: 23 | T12: 0.71875
A13: 201620 | B13: 109 | C13: 30 | D13: 0.27522936 | E13: 0 | F13: 0 | G13: 79 | H13: 0.72477064 | M13: 201620 | N13: 34 | O13: 9 | P13: 0.26470588 | Q13: 0 | R13: 0 | S13: 25 | T13: 0.73529412
A14: 201710 | B14: 48 | C14: 9 | D14: 0.1875 | E14: 0 | F14: 0 | G14: 39 | H14: 0.8125 | M14: 201710 | N14: 28 | O14: 4 | P14: 0.14285714 | Q14: 0 | R14: 0 | S14: 24 | T14: 0.85714286
A15: 201720 | B15: 89 | C15: 19 | D15: 0.21348315 | E15: 0 | F15: 0 | G15: 70 | H15: 0.78651685 | M15: 201720 | N15: 24 | O15: 3 | P15: 0.125 | Q15: 0 | R15: 0 | S15: 21 | T15: 0.875
A16: 201810 | B16: 74 | C16: 22 | D16: 0.2972973 | E16: 0 | F16: 0 | G16: 52 | H16: 0.7027027 | M16: 201810 | N16: 28 | O16: 7 | P16: 0.25 | Q16: 0 | R16: 0 | S16: 21 | T16: 0.75
A17: 201820 | B17: 75 | C17: 15 | D17: 0.2 | E17: 0 | F17: 0 | G17: 60 | H17: 0.8 | M17: 201820 | N17: 25 | O17: 6 | P17: 0.24 | Q17: 0 | R17: 0 | S17: 19 | T17: 0.76
... A23: 202120 | B23: 38 | C23: 9 | D23: 0.23684211 | E23: 0 | F23: 0 | G23: 29 | H23: 0.76315789 | M23: 202120 | N23: 16 | O23: 4 | P23: 0.25 | Q23: 0 | R23: 0 | S23: 12 | T23: 0.75
A24: 202210 | B24: {=IF(RIGHT($A24,2)="10",_xlfn.XLOOKUP("ADD"&$A24,[1]PROGRAMA!$A:$A&[1]PROGRAMA!$B:$B,[1]PROGRAMA!C:C,0),_xlfn.XLOOKUP("ADD"&$A24,[2]PROGRAMA!$A:$A&[2]PROGRAMA!$B:$B,[2]PROGRAMA!C:C,0))} -> 64 | C24: {=IF(RIGHT($A24,2)="10",_xlfn.XLOOKUP("ADD"&$A24,[1]PROGRAMA!$A:$A&[1]PROGRAMA!$B:$B,[1]PROGRAMA!D:D,0),_xlfn.XLOOKUP("ADD"&$A24,[2]PROGRAMA!$A:$A&[2]PROGRAMA!$B:$B,[2]PROGRAMA!D:D,0))} -> 18 | D24: =IFERROR(C24/$B24,0) -> 0.28125 | E24: {=IF(RIGHT($A24,2)="10",_xlfn.XLOOKUP("ADD"&$A24,[1]PROGRAMA!$A:$A&[1]PROGRAMA!$B:$B,[1]PROGRAMA!E:E,0),_xlfn.XLOOKUP("ADD"&$A24,[2]PROGRAMA!$A:$A&[2]PROGRAMA!$B:$B,[2]PROGRAMA!E:E,0))} -> 0 | F24: =IFERROR(E24/$B24,0) -> 0 | G24: =B24-C24 -> 46 | H24: =IFERROR(G24/$B24,0) -> 0.71875 | M24: 202210 | N24: {=IF(RIGHT($A24,2)="10",_xlfn.XLOOKUP("ADD"&$A24,'[1]PROGRAMA 123'!$A:$A&'[1]PROGRAMA 123'!$B:$B,'[1]PROGRAMA 123'!C:C,0),_xlfn.XLOOKUP("ADD"&$A24,'[2]PROGRAMA 123'!$A:$A&'[2]PROGRAMA 123'!$B:$B,'[2]PROGRAMA 123'!C:C,0))} -> 33 | O24: {=IF(RIGHT($A24,2)="10",_xlfn.XLOOKUP("ADD"&$A24,'[1]PROGRAMA 123'!$A:$A&'[1]PROGRAMA 123'!$B:$B,'[1]PROGRAMA 123'!D:D,0),_xlfn.XLOOKUP("ADD"&$A24,'[2]PROGRAMA 123'!$A:$A&'[2]PROGRAMA 123'!$B:$B,'[2]PROGRAMA 123'!D:D,0))} -> 10 | P24: =IFERROR(O24/$N24,0) -> 0.3030303 | Q24: {=IF(RIGHT($A24,2)="10",_xlfn.XLOOKUP("ADD"&$A24,'[1]PROGRAMA 123'!$A:$A&'[1]PROGRAMA 123'!$B:$B,'[1]PROGRAMA 123'!E:E,0),_xlfn.XLOOKUP("ADD"&$A24,'[2]PROGRAMA 123'!$A:$A&'[2]PROGRAMA 123'!$B:$B,'[2]PROGRAMA 123'!E:E,0))} -> 0 | R24: =IFERROR(Q24/$N24,0) -> 0 | S24: =N24-O24 -> 23 | T24: =IFERROR(S24/$N24,0) -> 0.6969697
A25: 202220 | B25: {=IF(RIGHT($A25,2)="10",_xlfn.XLOOKUP("ADD"&$A25,[1]PROGRAMA!$A:$A&[1]PROGRAMA!$B:$B,[1]PROGRAMA!C:C,0),_xlfn.XLOOKUP("ADD"&$A25,[2]PROGRAMA!$A:$A&[2]PROGRAMA!$B:$B,[2]PROGRAMA!C:C,0))} -> 40 | C25: {=IF(RIGHT($A25,2)="10",_xlfn.XLOOKUP("ADD"&$A25,[1]PROGRAMA!$A:$A&[1]PROGRAMA!$B:$B,[1]PROGRAMA!D:D,0),_xlfn.XLOOKUP("ADD"&$A25,[2]PROGRAMA!$A:$A&[2]PROGRAMA!$B:$B,[2]PROGRAMA!D:D,0))} -> 11 | D25: =IFERROR(C25/$B25,0) -> 0.275 | E25: {=IF(RIGHT($A25,2)="10",_xlfn.XLOOKUP("ADD"&$A25,[1]PROGRAMA!$A:$A&[1]PROGRAMA!$B:$B,[1]PROGRAMA!E:E,0),_xlfn.XLOOKUP("ADD"&$A25,[2]PROGRAMA!$A:$A&[2]PROGRAMA!$B:$B,[2]PROGRAMA!E:E,0))} -> 0 | F25: =IFERROR(E25/$B25,0) -> 0 | G25: =B25-C25 -> 29 | H25: =IFERROR(G25/$B25,0) -> 0.725 | M25: 202220 | N25: {=IF(RIGHT($A25,2)="10",_xlfn.XLOOKUP("ADD"&$A25,'[1]PROGRAMA 123'!$A:$A&'[1]PROGRAMA 123'!$B:$B,'[1]PROGRAMA 123'!C:C,0),_xlfn.XLOOKUP("ADD"&$A25,'[2]PROGRAMA 123'!$A:$A&'[2]PROGRAMA 123'!$B:$B,'[2]PROGRAMA 123'!C:C,0))} -> 18 | O25: {=IF(RIGHT($A25,2)="10",_xlfn.XLOOKUP("ADD"&$A25,'[1]PROGRAMA 123'!$A:$A&'[1]PROGRAMA 123'!$B:$B,'[1]PROGRAMA 123'!D:D,0),_xlfn.XLOOKUP("ADD"&$A25,'[2]PROGRAMA 123'!$A:$A&'[2]PROGRAMA 123'!$B:$B,'[2]PROGRAMA 123'!D:D,0))} -> 3 | P25: =IFERROR(O25/$N25,0) -> 0.16666667 | Q25: {=IF(RIGHT($A25,2)="10",_xlfn.XLOOKUP("ADD"&$A25,'[1]PROGRAMA 123'!$A:$A&'[1]PROGRAMA 123'!$B:$B,'[1]PROGRAMA 123'!E:E,0),_xlfn.XLOOKUP("ADD"&$A25,'[2]PROGRAMA 123'!$A:$A&'[2]PROGRAMA 123'!$B:$B,'[2]PROGRAMA 123'!E:E,0))} -> 0 | R25: =IFERROR(Q25/$N25,0) -> 0 | S25: =N25-O25 -> 15 | T25: =IFERROR(S25/$N25,0) -> 0.83333333
A26: 202310 | B26: 41 | C26: 8 | D26: 0.19512195 | E26: 0 | F26: 0 | G26: 33 | H26: 0.80487805 | M26: 202310 | N26: 24 | O26: 5 | P26: 0.20833333 | Q26: 0 | R26: 0 | S26: 19 | T26: 0.79166667
A28: Indicador institucional - 1d. Retiro temprano % de retiro de las cohortes con 3 semestres de estudio calculado en una ventana de 1 año | M28: Indicador institucional - 3b. Retiro temprano 1, 2 y 3 % de retiro de las cohortes con 3 semestres de estudio calculado en una ventana de 1 año
A29: *2014 122-131 | B29: 2015 132-141 | C29: 2016 142-151 | D29: 2017 152-161 | E29: 2018 162-171 | F29: 2019 172-181 | G29: 2020 182-191 | H29: 2021 192-201 | I29: 2022 202-211 | J29: ='1d. Retiro temprano.'!K30 -> 2023 212-221 | K29: ='1d. Retiro temprano.'!L30 -> 2024-1*** 222 | M29: *2014 122-131 | N29: 2015 132-141 | O29: 2016 142-151 | P29: 2017 152-161 | Q29: 2018 162-171 | R29: 2019 172-181 | S29: 2020 182-191 | T29: 2021 192-201 | U29: 2022 202-211 | V29: =J29 -> 2023 212-221 | W29: =K29 -> 2024-1*** 222
A30: =D6 -> 0.18518519 | B30: =+((B7*D7)+(B8*D8))/(B7+B8) -> 0.297 | C30: =((B9*D9)+(B10*D10))/(B9+B10) -> 0.25586667 | D30: =+((B11*D11)+(B12*D12))/(B11+B12) -> 0.265625 | E30: =((B13*D13)+(B14*D14))/(B13+B14) -> 0.24840764 | F30: =((B15*D15)+(B16*D16))/(B15+B16) -> 0.25153374 | G30: =((B17*D17)+(B18*D18))/(B17+B18) -> 0.2231405 | H30: =((B19*D19)+(B20*D20))/(B19+B20) -> 0.13861386 | I30: =((B21*D21)+(B22*D22))/(B21+B22) -> 0.14285714 | J30: =(C23+C24)/(B23+B24) -> 0.26470588 | K30: =D25 -> 0.275 | M30: =P6 -> 0 | N30: =+((N7*P7)+(N8*P8))/(N7+N8) -> 0.154 | O30: =((N9*P9)+(N10*P10))/(N9+N10) -> 0.208125 | P30: =+((N11*P11)+(N12*P12))/(N11+N12) -> 0.24444444 | Q30: =((N13*P13)+(N14*P14))/(N13+N14) -> 0.20967742 | R30: =((N15*P15)+(N16*P16))/(N15+N16) -> 0.19230769 | S30: =((N17*P17)+(N18*P18))/(N17+N18) -> 0.21428571 | T30: =((N19*P19)+(N20*P20))/(N19+N20) -> 0.12 | U30: =((N21*P21)+(N22*P22))/(N21+N22) -> 0.041666667 | V30: =(O23+O24)/(N23+N24) -> 0.28571429 | W30: =P25 -> 0.16666667
A31: * para el año 2014 solo se tomó el porcentaje de retiro del periodo 131 porque no se contaba con el porcentaje del periodo 122 | M31: * para el año 2014 solo se tomó el porcentaje de retiro del periodo 131 porque no se contaba con el porcentaje del periodo 122
A32: ** Para el periodo 2024-1 sólo se tomo el procentaje de 202220 que a esa fecha de medición cumple 3 semestres de estudio cursado y están en su cuarto semestre. | M32: ** Para el periodo 2024-1 sólo se tomo el procentaje de 202220 que a esa fecha de medición cumple 3 semestres de estudio cursado y están en su cuarto semestre.

Sheet ANT
A1: Fecha de corte: grados 2024-2. | M1: Fecha de corte: grados 2024-2.
A3: RETIRO TEMPRANO ANT | M3: RETIRO TEMPRANO ANT-ESTRATOS 1, 2 Y 3
A4: Periodo de ingreso - Estudiante | B4: No. Estudiantes al periodo de ingreso | C4: No. Retirados al iniciar el 4to semestre | D4: % Retiro al iniciar el 4to semestre | E4: No. Graduados al iniciar el 4to semestre | F4: % Graduados al iniciar el 4to semestre | G4: Est. Activos al iniciar 4to semestre | H4: % Activos de estudiantes activos al iniciar 4to semestre | M4: Periodo de ingreso - Estudiante | N4: No. Estudiantes al periodo de ingreso | O4: No. Retirados al iniciar el 4to semestre | P4: % Retiro al iniciar el 4to semestre | Q4: No. Graduados al iniciar el 4to semestre | R4: % Graduados al iniciar el 4to semestre | S4: Est. Activos al iniciar 4to semestre | T4: % Activos de estudiantes activos al iniciar 4to semestre
A5: 201310 | B5: 5 | C5: 1 | D5: 0.2 | E5: 0 | F5: 0 | G5: 4 | H5: 0.8 | M5: 201310 | N5: 2 | O5: 0 | P5: 0 | Q5: 0 | R5: 0 | S5: 2 | T5: 1
A6: 201320 | B6: 13 | C6: 5 | D6: 0.38461538 | E6: 0 | F6: 0 | G6: 8 | H6: 0.61538462 | M6: 201320 | N6: 6 | O6: 2 | P6: 0.33333333 | Q6: 0 | R6: 0 | S6: 4 | T6: 0.66666667
A7: 201410 | B7: 7 | C7: 0 | D7: 0 | E7: 0 | F7: 0 | G7: 7 | H7: 1 | M7: 201410 | N7: 5 | O7: 0 | P7: 0 | Q7: 0 | R7: 0 | S7: 5 | T7: 1
A8: 201420 | B8: 7 | C8: 1 | D8: 0.143 | E8: 0 | F8: 0 | G8: 6 | H8: 0.857 | M8: 201420 | N8: 4 | O8: 1 | P8: 0.25 | Q8: 0 | R8: 0 | S8: 3 | T8: 0.75
A9: 201510 | B9: 4 | C9: 1 | D9: 0.25 | E9: 0 | F9: 0 | G9: 3 | H9: 0.75 | M9: 201510 | N9: 1 | O9: 0 | P9: 0 | Q9: 0 | R9: 0 | S9: 1 | T9: 1
A10: 201520 | B10: 6 | C10: 4 | D10: 0.66666667 | E10: 0 | F10: 0 | G10: 2 | H10: 0.33333333 | M10: 201520 | N10: 2 | O10: 1 | P10: 0.5 | Q10: 0 | R10: 0 | S10: 1 | T10: 0.5
A11: 201610 | B11: 6 | C11: 0 | D11: 0 | E11: 0 | F11: 0 | G11: 6 | H11: 1 | M11: 201610 | N11: 6 | O11: 0 | P11: 0 | Q11: 0 | R11: 0 | S11: 6 | T11: 1
A12: 201620 | B12: 7 | C12: 1 | D12: 0.14285714 | E12: 0 | F12: 0 | G12: 6 | H12: 0.85714286 | M12: 201620 | N12: 3 | O12: 1 | P12: 0.33333333 | Q12: 0 | R12: 0 | S12: 2 | T12: 0.66666667
A13: 201710 | B13: 15 | C13: 4 | D13: 0.26666667 | E13: 0 | F13: 0 | G13: 11 | H13: 0.73333333 | M13: 201710 | N13: 6 | O13: 2 | P13: 0.33333333 | Q13: 0 | R13: 0 | S13: 4 | T13: 0.66666667
A14: 201720 | B14: 10 | C14: 2 | D14: 0.2 | E14: 0 | F14: 0 | G14: 8 | H14: 0.8 | M14: 201720 | N14: 5 | O14: 1 | P14: 0.2 | Q14: 0 | R14: 0 | S14: 4 | T14: 0.8
A15: 201810 | B15: 10 | C15: 4 | D15: 0.4 | E15: 0 | F15: 0 | G15: 6 | H15: 0.6 | M15: 201810 | N15: 6 | O15: 2 | P15: 0.33333333 | Q15: 0 | R15: 0 | S15: 4 | T15: 0.66666667
A16: 201820 | B16: 9 | C16: 1 | D16: 0.11111111 | E16: 0 | F16: 0 | G16: 8 | H16: 0.88888889 | M16: 201820 | N16: 3 | O16: 1 | P16: 0.33333333 | Q16: 0 | R16: 0 | S16: 2 | T16: 0.66666667
A17: 201910 | B17: 10 | C17: 2 | D17: 0.2 | E17: 0 | F17: 0 | G17: 8 | H17: 0.8 | M17: 201910 | N17: 3 | O17: 1 | P17: 0.33333333 | Q17: 0 | R17: 0 | S17: 2 | T17: 0.66666667
A18: 201920 | B18: - | C18: - | D18: - | E18: - | F18: - | G18: - | H18: - | M18: 201920 | N18: - | O18: - | P18: - | Q18: - | R18: - | S18: - | T18: -
A19: 202010 | B19: 2 | C19: 1 | D19: 0.5 | E19: 0 | F19: 0 | G19: 1 | H19: 0.75 | M19: 202010 | N19: 1 | O19: 1 | P19: 1 | Q19: 0 | R19: 0 | S19: 0 | T19: 0
A20: 202020 | B20: 30 | C20: 4 | D20: 0.13333333 | E20: 0 | F20: 0 | G20: 26 | H20: 0.86666667 | M20: 202020 | N20: 13 | O20: 1 | P20: 0.076923077 | Q20: 0 | R20: 0 | S20: 12 | T20: 0.92307692
A21: 202110 | B21: 7 | C21: 2 | D21: 0.28571429 | E21: 0 | F21: 0 | G21: 5 | H21: 0.71428571 | M21: 202110 | N21: 3 | O21: 1 | P21: 0.33333333 | Q21: 0 | R21: 0 | S21: 2 | T21: 0.66666667
A22: 202120 | B22: 5 | C22: 3 | D22: 0.6 | E22: 0 | F22: 0 | G22: 2 | H22: 0.4 | M22: 202120 | N22: 2 | O22: 1 | P22: 0.5 | Q22: 0 | R22: 0 | S22: 1 | T22: 0.5
A23: 202210 | B23: {=IF(RIGHT($A23,2)="10",_xlfn.XLOOKUP("ANT"&$A23,[1]PROGRAMA!$A:$A&[1]PROGRAMA!$B:$B,[1]PROGRAMA!C:C,0),_xlfn.XLOOKUP("ANT"&$A23,[2]PROGRAMA!$A:$A&[2]PROGRAMA!$B:$B,[2]PROGRAMA!C:C,0))} -> 12 | C23: {=IF(RIGHT($A23,2)="10",_xlfn.XLOOKUP("ANT"&$A23,[1]PROGRAMA!$A:$A&[1]PROGRAMA!$B:$B,[1]PROGRAMA!D:D,0),_xlfn.XLOOKUP("ANT"&$A23,[2]PROGRAMA!$A:$A&[2]PROGRAMA!$B:$B,[2]PROGRAMA!D:D,0))} -> 2 | D23: =IFERROR(C23/$B23,0) -> 0.16666667 | E23: {=IF(RIGHT($A23,2)="10",_xlfn.XLOOKUP("ANT"&$A23,[1]PROGRAMA!$A:$A&[1]PROGRAMA!$B:$B,[1]PROGRAMA!E:E,0),_xlfn.XLOOKUP("ANT"&$A23,[2]PROGRAMA!$A:$A&[2]PROGRAMA!$B:$B,[2]PROGRAMA!E:E,0))} -> 0 | F23: =IFERROR(E23/$B23,0) -> 0 | G23: =B23-C23 -> 10 | H23: =IFERROR(G23/$B23,0) -> 0.83333333 | M23: 202210 | N23: {=IF(RIGHT($A23,2)="10",_xlfn.XLOOKUP("ANT"&$A23,'[1]PROGRAMA 123'!$A:$A&'[1]PROGRAMA 123'!$B:$B,'[1]PROGRAMA 123'!C:C,0),_xlfn.XLOOKUP("ANT"&$A23,'[2]PROGRAMA 123'!$A:$A&'[2]PROGRAMA 123'!$B:$B,'[2]PROGRAMA 123'!C:C,0))} -> 10 | O23: {=IF(RIGHT($A23,2)="10",_xlfn.XLOOKUP("ANT"&$A23,'[1]PROGRAMA 123'!$A:$A&'[1]PROGRAMA 123'!$B:$B,'[1]PROGRAMA 123'!D:D,0),_xlfn.XLOOKUP("ANT"&$A23,'[2]PROGRAMA 123'!$A:$A&'[2]PROGRAMA 123'!$B:$B,'[2]PROGRAMA 123'!D:D,0))} -> 1 | P23: =IFERROR(O23/$N23,0) -> 0.1 | Q23: {=IF(RIGHT($A23,2)="10",_xlfn.XLOOKUP("ANT"&$A23,'[1]PROGRAMA 123'!$A:$A&'[1]PROGRAMA 123'!$B:$B,'[1]PROGRAMA 123'!E:E,0),_xlfn.XLOOKUP("ANT"&$A23,'[2]PROGRAMA 123'!$A:$A&'[2]PROGRAMA 123'!$B:$B,'[2]PROGRAMA 123'!E:E,0))} -> 0 | R23: =IFERROR(Q23/$N23,0) -> 0 | S23: =N23-O23 -> 9 | T23: =IFERROR(S23/$N23,0) -> 0.9
A24: 202220 | B24: {=IF(RIGHT($A24,2)="10",_xlfn.XLOOKUP("ANT"&$A24,[1]PROGRAMA!$A:$A&[1]PROGRAMA!$B:$B,[1]PROGRAMA!C:C,0),_xlfn.XLOOKUP("ANT"&$A24,[2]PROGRAMA!$A:$A&[2]PROGRAMA!$B:$B,[2]PROGRAMA!C:C,0))} -> 5 | C24: {=IF(RIGHT($A24,2)="10",_xlfn.XLOOKUP("ANT"&$A24,[1]PROGRAMA!$A:$A&[1]PROGRAMA!$B:$B,[1]PROGRAMA!D:D,0),_xlfn.XLOOKUP("ANT"&$A24,[2]PROGRAMA!$A:$A&[2]PROGRAMA!$B:$B,[2]PROGRAMA!D:D,0))} -> 1 | D24: =IFERROR(C24/$B24,0) -> 0.2 | E24: {=IF(RIGHT($A24,2)="10",_xlfn.XLOOKUP("ANT"&$A24,[1]PROGRAMA!$A:$A&[1]PROGRAMA!$B:$B,[1]PROGRAMA!E:E,0),_xlfn.XLOOKUP("ANT"&$A24,[2]PROGRAMA!$A:$A&[2]PROGRAMA!$B:$B,[2]PROGRAMA!E:E,0))} -> 0 | F24: =IFERROR(E24/$B24,0) -> 0 | G24: =B24-C24 -> 4 | H24: =IFERROR(G24/$B24,0) -> 0.8 | M24: 202220 | N24: {=IF(RIGHT($A24,2)="10",_xlfn.XLOOKUP("ANT"&$A24,'[1]PROGRAMA 123'!$A:$A&'[1]PROGRAMA 123'!$B:$B,'[1]PROGRAMA 123'!C:C,0),_xlfn.XLOOKUP("ANT"&$A24,'[2]PROGRAMA 123'!$A:$A&'[2]PROGRAMA 123'!$B:$B,'[2]PROGRAMA 123'!C:C,0))} -> 2 | O24: {=IF(RIGHT($A24,2)="10",_xlfn.XLOOKUP("ANT"&$A24,'[1]PROGRAMA 123'!$A:$A&'[1]PROGRAMA 123'!$B:$B,'[1]PROGRAMA 123'!D:D,0),_xlfn.XLOOKUP("ANT"&$A24,'[2]PROGRAMA 123'!$A:$A&'[2]PROGRAMA 123'!$B:$B,'[2]PROGRAMA 123'!D:D,0))} -> 0 | P24: =IFERROR(O24/$N24,0) -> 0 | Q24: {=IF(RIGHT($A24,2)="10",_xlfn.XLOOKUP("ANT"&$A24,'[1]PROGRAMA 123'!$A:$A&'[1]PROGRAMA 123'!$B:$B,'[1]PROGRAMA 123'!E:E,0),_xlfn.XLOOKUP("ANT"&$A24,'[2]PROGRAMA 123'!$A:$A&'[2]PROGRAMA 123'!$B:$B,'[2]PROGRAMA 123'!E:E,0))} -> 0 | R24: =IFERROR(Q24/$N24,0) -> 0 | S24: =N24-O24 -> 2 | T24: =IFERROR(S24/$N24,0) -> 1
A25: 202310 | B25: 15 | C25: 1 | D25: =IFERROR(C25/$B25,0) -> 0.066666667 | E25: 0 | F25: =IFERROR(E25/$B25,0) -> 0 | G25: 14 | H25: =IFERROR(G25/$B25,0) -> 0.93333333 | M25: 202310 | N25: 10 | O25: 0 | P25: =IFERROR(O25/$N25,0) -> 0 | Q25: 0 | R25: =IFERROR(Q25/$N25,0) -> 0 | S25: 10 | T25: =IFERROR(S25/$N25,0) -> 1
A27: Indicador institucional - 1d. Retiro temprano % de retiro de las cohortes con 3 semestres de estudio calculado en una ventana de 1 año | M27: Indicador institucional - 3b. Retiro temprano 1, 2 y 3 % de retiro de las cohortes con 3 semestres de estudio calculado en una ventana de 1 año
A28: *2014 122-131 | B28: 2015 132-141 | C28: 2016 142-151 | D28: 2017 152-161 | E28: 2018 162-171 | F28: 2019 172-181 | G28: 2020 182-191 | H28: 2021 192-201 | I28: 2022 202-211 | J28: ='1d. Retiro temprano.'!K30 -> 2023 212-221 | K28: ='1d. Retiro temprano.'!L30 -> 2024-1*** 222 | M28: **2014 122-131 | N28: 2015 132-141 | O28: 2016 142-151 | P28: 2017 152-161 | Q28: 2018 162-171 | R28: 2019 172-181 | S28: 2020 182-191 | T28: 2021 192-201 | U28: 2022 202-211 | V28: =J28 -> 2023 212-221 | W28: =K28 -> 2024-1*** 222
A29: =D5 -> 0.2 | B29: =+((B6*D6)+(B7*D7))/(B6+B7) -> 0.25 | C29: =((B8*D8)+(B9*D9))/(B8+B9) -> 0.18190909 | D29: =+((B10*D10)+(B11*D11))/(B10+B11) -> 0.33333333 | E29: =((B12*D12)+(B13*D13))/(B12+B13) -> 0.22727273 | F29: =((B14*D14)+(B15*D15))/(B14+B15) -> 0.3 | G29: =((B16*D16)+(B17*D17))/(B16+B17) -> 0.15789474 | H29: =D19 -> 0.5 | I29: =((B20*D20)+(B21*D21))/(B20+B21) -> 0.16216216 | J29: =(C22+C23)/(B22+B23) -> 0.29411765 | K29: =D24 -> 0.2 | M29: =P5 -> 0 | N29: =+((N6*P6)+(N7*P7))/(N6+N7) -> 0.18181818 | O29: =((N8*P8)+(N9*P9))/(N8+N9) -> 0.2 | P29: =+((N10*P10)+(N11*P11))/(N10+N11) -> 0.125 | Q29: =((N12*P12)+(N13*P13))/(N12+N13) -> 0.33333333 | R29: =((N14*P14)+(N15*P15))/(N14+N15) -> 0.27272727 | S29: =((N16*P16)+(N17*P17))/(N16+N17) -> 0.33333333 | T29: =P19 -> 1 | U29: =((N20*P20)+(N21*P21))/(N20+N21) -> 0.125 | V29: =(O22+O23)/(N22+N23) -> 0.16666667 | W29: =P24 -> 0
A30: * para el año 2014 solo se tomó el porcentaje de retiro del periodo 131 porque no se contaba con el porcentaje del periodo 122 | M30: * para el año 2014 solo se tomó el porcentaje de retiro del periodo 131 porque no se contaba con el porcentaje del periodo 122
A31: ** Para el periodo 2024-1 sólo se tomo el procentaje de 202220 que a esa fecha de medición cumple 3 semestres de estudio cursado y están en su cuarto semestre. | M31: ** Para el periodo 2024-1 sólo se tomo el procentaje de 202220 que a esa fecha de medición cumple 3 semestres de estudio cursado y están en su cuarto semestre.

Sheet ECO
A1: Fecha de corte: grados 2024-2. | M1: Fecha de corte: grados 2024-2.
A3: RETIRO TEMPRANO ECO | M3: RETIRO TEMPRANO ECO-ESTRATOS 1, 2 Y 3
A5: Periodo de ingreso - Estudiante | B5: No. Estudiantes | C5: No. Retirados | D5: % Retiro | E5: No. Graduados | F5: % Graduados | G5: Est. Activos | H5: % Activos | M5: Periodo de ingreso - Estudiante | N5: No. Estudiantes | O5: No. Retirados | P5: % Retiro | Q5: No. Graduados | R5: % Graduados | S5: Est. Activos | T5: % Activos
A6: 201310 | B6: - | C6: - | D6: - | E6: - | F6: - | G6: - | H6: - | M6: 201310 | N6: - | O6: - | P6: - | Q6: - | R6: - | S6: - | T6: -
A7: 201320 | B7: 9 | C7: 2 | D7: 0.22222222 | E7: 0 | F7: 0 | G7: 7 | H7: 0.77777778 | M7: 201320 | N7: 3 | O7: 0 | P7: 0 | Q7: 0 | R7: 0 | S7: 3 | T7: 1
A8: 201410 | B8: 2 | C8: 2 | D8: 1 | E8: 0 | F8: 0 | G8: 0 | H8: 0 | M8: 201410 | N8: 2 | O8: 2 | P8: 1 | Q8: 0 | R8: 0 | S8: 0 | T8: 0
A9: 201420 | B9: 7 | C9: 1 | D9: 0.143 | E9: 0 | F9: 0 | G9: 6 | H9: 0.857 | M9: 201420 | N9: 2 | O9: 1 | P9: 0.5 | Q9: 0 | R9: 0 | S9: 1 | T9: 0.5
A10: 201510 | B10: 11 | C10: 4 | D10: 0.364 | E10: 0 | F10: 0 | G10: 7 | H10: 0.636 | M10: 201510 | N10: 9 | O10: 3 | P10: 0.333 | Q10: 0 | R10: 0 | S10: 6 | T10: 0.667
A11: 201520 | B11: 4 | C11: 1 | D11: 0.25 | E11: 0 | F11: 0 | G11: 3 | H11: 0.75 | M11: 201520 | N11: 2 | O11: 0 | P11: 0 | Q11: 0 | R11: 0 | S11: 2 | T11: 1
A12: 201610 | B12: 11 | C12: 4 | D12: 0.36363636 | E12: 0 | F12: 0 | G12: 7 | H12: 0.63636364 | M12: 201610 | N12: 9 | O12: 4 | P12: 0.44444444 | Q12: 0 | R12: 0 | S12: 5 | T12: 0.55555556
A13: 201620 | B13: 10 | C13: 2 | D13: 0.2 | E13: 0 | F13: 0 | G13: 8 | H13: 0.8 | M13: 201620 | N13: 7 | O13: 1 | P13: 0.14285714 | Q13: 0 | R13: 0 | S13: 6 | T13: 0.85714286
A14: 201710 | B14: 7 | C14: 1 | D14: 0.14285714 | E14: 0 | F14: 0 | G14: 6 | H14: 0.85714286 | M14: 201710 | N14: 6 | O14: 1 | P14: 0.16666667 | Q14: 0 | R14: 0 | S14: 5 | T14: 0.83333333
A15: 201720 | B15: 8 | C15: 0 | D15: 0 | E15: 0 | F15: 0 | G15: 8 | H15: 1 | M15: 201720 | N15: 5 | O15: 0 | P15: 0 | Q15: 0 | R15: 0 | S15: 5 | T15: 1
A16: 201810 | B16: 5 | C16: 2 | D16: 0.4 | E16: 0 | F16: 0 | G16: 3 | H16: 0.6 | M16: 201810 | N16: 4 | O16: 2 | P16: 0.5 | Q16: 0 | R16: 0 | S16: 2 | T16: 0.5
A17: 201820 | B17: 7 | C17: 2 | D17: 0.28571429 | E17: 0 | F17: 0 | G17: 5 | H17: 0.71428571 | M17: 201820 | N17: 3 | O17: 1 | P17: 0.33333333 | Q17: 0 | R17: 0 | S17: 2 | T17: 0.66666667
A18: 201910 | B18: 5 | C18: 2 | D18: 0.4 | E18: 0 | F18: 0 | G18: 3 | H18: 0.6 | M18: 201910 | N18: 4 | O18: 1 | P18: 0.25 | Q18: 0 | R18: 0 | S18: 3 | T18: 0.75
... A23: 202120 | B23: 4 | C23: 1 | D23: 0.25 | E23: 0 | F23: 0 | G23: 3 | H23: 0.75 | M23: 202120 | N23: 1 | O23: 1 | P23: 1 | Q23: 0 | R23: 0 | S23: 0 | T23: 0
A24: 202210 | B24: {=IF(RIGHT($A24,2)="10",_xlfn.XLOOKUP("ECO"&$A24,[1]PROGRAMA!$A:$A&[1]PROGRAMA!$B:$B,[1]PROGRAMA!C:C,0),_xlfn.XLOOKUP("ECO"&$A24,[2]PROGRAMA!$A:$A&[2]PROGRAMA!$B:$B,[2]PROGRAMA!C:C,0))} -> 6 | C24: {=IF(RIGHT($A24,2)="10",_xlfn.XLOOKUP("ECO"&$A24,[1]PROGRAMA!$A:$A&[1]PROGRAMA!$B:$B,[1]PROGRAMA!D:D,0),_xlfn.XLOOKUP("ECO"&$A24,[2]PROGRAMA!$A:$A&[2]PROGRAMA!$B:$B,[2]PROGRAMA!D:D,0))} -> 0 | D24: =IFERROR(C24/$B24,0) -> 0 | E24: {=IF(RIGHT($A24,2)="10",_xlfn.XLOOKUP("ECO"&$A24,[1]PROGRAMA!$A:$A&[1]PROGRAMA!$B:$B,[1]PROGRAMA!E:E,0),_xlfn.XLOOKUP("ECO"&$A24,[2]PROGRAMA!$A:$A&[2]PROGRAMA!$B:$B,[2]PROGRAMA!E:E,0))} -> 0 | F24: =IFERROR(E24/$B24,0) -> 0 | G24: =B24-C24 -> 6 | H24: =IFERROR(G24/$B24,0) -> 1 | M24: 202210 | N24: {=IF(RIGHT($A24,2)="10",_xlfn.XLOOKUP("ECO"&$A24,'[1]PROGRAMA 123'!$A:$A&'[1]PROGRAMA 123'!$B:$B,'[1]PROGRAMA 123'!C:C,0),_xlfn.XLOOKUP("ECO"&$A24,'[2]PROGRAMA 123'!$A:$A&'[2]PROGRAMA 123'!$B:$B,'[2]PROGRAMA 123'!C:C,0))} -> 2 | O24: {=IF(RIGHT($A24,2)="10",_xlfn.XLOOKUP("ECO"&$A24,'[1]PROGRAMA 123'!$A:$A&'[1]PROGRAMA 123'!$B:$B,'[1]PROGRAMA 123'!D:D,0),_xlfn.XLOOKUP("ECO"&$A24,'[2]PROGRAMA 123'!$A:$A&'[2]PROGRAMA 123'!$B:$B,'[2]PROGRAMA 123'!D:D,0))} -> 0 | P24: =IFERROR(O24/$N24,0) -> 0 | Q24: {=IF(RIGHT($A24,2)="10",_xlfn.XLOOKUP("ECO"&$A24,'[1]PROGRAMA 123'!$A:$A&'[1]PROGRAMA 123'!$B:$B,'[1]PROGRAMA 123'!E:E,0),_xlfn.XLOOKUP("ECO"&$A24,'[2]PROGRAMA 123'!$A:$A&'[2]PROGRAMA 123'!$B:$B,'[2]PROGRAMA 123'!E:E,0))} -> 0 | R24: =IFERROR(Q24/$N24,0) -> 0 | S24: =N24-O24 -> 2 | T24: =IFERROR(S24/$N24,0) -> 1
A25: 202220 | B25: {=IF(RIGHT($A25,2)="10",_xlfn.XLOOKUP("ECO"&$A25,[1]PROGRAMA!$A:$A&[1]PROGRAMA!$B:$B,[1]PROGRAMA!C:C,0),_xlfn.XLOOKUP("ECO"&$A25,[2]PROGRAMA!$A:$A&[2]PROGRAMA!$B:$B,[2]PROGRAMA!C:C,0))} -> 6 | C25: {=IF(RIGHT($A25,2)="10",_xlfn.XLOOKUP("ECO"&$A25,[1]PROGRAMA!$A:$A&[1]PROGRAMA!$B:$B,[1]PROGRAMA!D:D,0),_xlfn.XLOOKUP("ECO"&$A25,[2]PROGRAMA!$A:$A&[2]PROGRAMA!$B:$B,[2]PROGRAMA!D:D,0))} -> 0 | D25: =IFERROR(C25/$B25,0) -> 0 | E25: {=IF(RIGHT($A25,2)="10",_xlfn.XLOOKUP("ECO"&$A25,[1]PROGRAMA!$A:$A&[1]PROGRAMA!$B:$B,[1]PROGRAMA!E:E,0),_xlfn.XLOOKUP("ECO"&$A25,[2]PROGRAMA!$A:$A&[2]PROGRAMA!$B:$B,[2]PROGRAMA!E:E,0))} -> 0 | F25: =IFERROR(E25/$B25,0) -> 0 | G25: =B25-C25 -> 6 | H25: =IFERROR(G25/$B25,0) -> 1 | M25: 202220 | N25: {=IF(RIGHT($A25,2)="10",_xlfn.XLOOKUP("ECO"&$A25,'[1]PROGRAMA 123'!$A:$A&'[1]PROGRAMA 123'!$B:$B,'[1]PROGRAMA 123'!C:C,0),_xlfn.XLOOKUP("ECO"&$A25,'[2]PROGRAMA 123'!$A:$A&'[2]PROGRAMA 123'!$B:$B,'[2]PROGRAMA 123'!C:C,0))} -> 3 | O25: {=IF(RIGHT($A25,2)="10",_xlfn.XLOOKUP("ECO"&$A25,'[1]PROGRAMA 123'!$A:$A&'[1]PROGRAMA 123'!$B:$B,'[1]PROGRAMA 123'!D:D,0),_xlfn.XLOOKUP("ECO"&$A25,'[2]PROGRAMA 123'!$A:$A&'[2]PROGRAMA 123'!$B:$B,'[2]PROGRAMA 123'!D:D,0))} -> 0 | P25: =IFERROR(O25/$N25,0) -> 0 | Q25: {=IF(RIGHT($A25,2)="10",_xlfn.XLOOKUP("ECO"&$A25,'[1]PROGRAMA 123'!$A:$A&'[1]PROGRAMA 123'!$B:$B,'[1]PROGRAMA 123'!E:E,0),_xlfn.XLOOKUP("ECO"&$A25,'[2]PROGRAMA 123'!$A:$A&'[2]PROGRAMA 123'!$B:$B,'[2]PROGRAMA 123'!E:E,0))} -> 0 | R25: =IFERROR(Q25/$N25,0) -> 0 | S25: =N25-O25 -> 3 | T25: =IFERROR(S25/$N25,0) -> 1
A26: 202310 | B26: 6 | C26: 1 | D26: =IFERROR(C26/$B26,0) -> 0.16666667 | E26: 0 | F26: =IFERROR(E26/$B26,0) -> 0 | G26: 5 | H26: =IFERROR(G26/$B26,0) -> 0.83333333 | M26: 202310 | N26: 1 | O26: 0 | P26: =IFERROR(O26/$N26,0) -> 0 | Q26: 0 | R26: =IFERROR(Q26/$N26,0) -> 0 | S26: 1 | T26: =IFERROR(S26/$N26,0) -> 1
A28: Indicador institucional - 1d. Retiro temprano % de retiro de las cohortes con 3 semestres de estudio calculado en una ventana de 1 año | M28: Indicador institucional - 3b. Retiro temprano 1, 2 y 3 % de retiro de las cohortes con 3 semestres de estudio calculado en una ventana de 1 año
A29: 2014 122-131 | B29: 2015 132-141 | C29: 2016 142-151 | D29: 2017 152-161 | E29: 2018 162-171 | F29: 2019 172-181 | G29: 2020 182-191 | H29: 2021 192-201 | I29: 2022 202-211 | J29: ='1d. Retiro temprano.'!K30 -> 2023 212-221 | K29: ='1d. Retiro temprano.'!L30 -> 2024-1*** 222 | M29: 2014 122-131 | N29: 2015 132-141 | O29: 2016 142-151 | P29: 2017 152-161 | Q29: 2018 162-171 | R29: 2019 172-181 | S29: 2020 182-191 | T29: 2021 192-201 | U29: 2022 202-211 | V29: =J29 -> 2023 212-221 | W29: =K29 -> 2024-1*** 222
A30: =D6 -> - | B30: =+((B7*D7)+(B8*D8))/(B7+B8) -> 0.36363636 | C30: =((B9*D9)+(B10*D10))/(B9+B10) -> 0.27805556 | D30: =+((B11*D11)+(B12*D12))/(B11+B12) -> 0.33333333 | E30: =((B13*D13)+(B14*D14))/(B13+B14) -> 0.17647059 | F30: =((B15*D15)+(B16*D16))/(B15+B16) -> 0.15384615 | G30: =((B17*D17)+(B18*D18))/(B17+B18) -> 0.33333333 | H30: =((B19*D19)+(B20*D20))/(B19+B20) -> 0.25 | I30: =((B21*D21)+(B22*D22))/(B21+B22) -> 0.25 | J30: =(C23+C24)/(B23+B24) -> 0.1 | K30: =D25 -> 0 | M30: =P6 -> - | N30: =+((N7*P7)+(N8*P8))/(N7+N8) -> 0.4 | O30: =((N9*P9)+(N10*P10))/(N9+N10) -> 0.36336364 | P30: =+((N11*P11)+(N12*P12))/(N11+N12) -> 0.36363636 | Q30: =((N13*P13)+(N14*P14))/(N13+N14) -> 0.15384615 | R30: =((N15*P15)+(N16*P16))/(N15+N16) -> 0.22222222 | S30: =((N17*P17)+(N18*P18))/(N17+N18) -> 0.28571429 | T30: =((N19*P19)+(N20*P20))/(N19+N20) -> 0.28571429 | U30: =((N21*P21)+(N22*P22))/(N21+N22) -> 0 | V30: =(O23+O24)/(N23+N24) -> 0.33333333 | W30: =P25 -> 0
A31: * Para el periodo 2024-1 sólo se tomo el procentaje de 202220 que a esa fecha de medición cumple 3 semestres de estudio cursado y están en su cuarto semestre. | M31: * Para el periodo 2024-1 sólo se tomo el procentaje de 202220 que a esa fecha de medición cumple 3 semestres de estudio cursado y están en su cuarto semestre.

Sheet ENI
A1: Fecha de corte: grados 2024-2. | M1: Fecha de corte: grados 2024-2.
A3: RETIRO TEMPRANO ENI | M3: RETIRO TEMPRANO ENI-ESTRATOS 1, 2 Y 3
A5: Periodo de ingreso - Estudiante | B5: No. Estudiantes | C5: No. Retirados | D5: % Retiro | E5: No. Graduados | F5: % Graduados | G5: Est. Activos | H5: % Activos | M5: Periodo de ingreso - Estudiante | N5: No. Estudiantes | O5: No. Retirados | P5: % Retiro | Q5: No. Graduados | R5: % Graduados | S5: Est. Activos | T5: % Activos
A6: 201310 | B6: 92 | C6: 31 | D6: 0.33695652 | E6: 0 | F6: 0 | G6: 61 | H6: 0.66304348 | M6: 201310 | N6: 67 | O6: 23 | P6: 0.34328358 | Q6: 0 | R6: 0 | S6: 44 | T6: 0.65671642
A7: 201320 | B7: 101 | C7: 30 | D7: 0.2970297 | E7: 0 | F7: 0 | G7: 71 | H7: 0.7029703 | M7: 201320 | N7: 46 | O7: 13 | P7: 0.2826087 | Q7: 0 | R7: 0 | S7: 33 | T7: 0.7173913
A8: 201410 | B8: 66 | C8: 21 | D8: 0.318 | E8: 0 | F8: 0 | G8: 45 | H8: 0.682 | M8: 201410 | N8: 43 | O8: 11 | P8: 0.256 | Q8: 0 | R8: 0 | S8: 32 | T8: 0.744
A9: 201420 | B9: 115 | C9: 41 | D9: 0.357 | E9: 0 | F9: 0 | G9: 74 | H9: 0.643 | M9: 201420 | N9: 49 | O9: 18 | P9: 0.367 | Q9: 0 | R9: 0 | S9: 31 | T9: 0.633
A10: 201510 | B10: 97 | C10: 29 | D10: 0.299 | E10: 0 | F10: 0 | G10: 68 | H10: 0.701 | M10: 201510 | N10: 80 | O10: 25 | P10: 0.313 | Q10: 0 | R10: 0 | S10: 55 | T10: 0.688
A11: 201520 | B11: 84 | C11: 18 | D11: 0.21428571 | E11: 0 | F11: 0 | G11: 66 | H11: 0.78571429 | M11: 201520 | N11: 40 | O11: 5 | P11: 0.125 | Q11: 0 | R11: 0 | S11: 35 | T11: 0.875
A12: 201610 | B12: 135 | C12: 37 | D12: 0.27407407 | E12: 0 | F12: 0 | G12: 98 | H12: 0.72592593 | M12: 201610 | N12: 101 | O12: 25 | P12: 0.24752475 | Q12: 0 | R12: 0 | S12: 76 | T12: 0.75247525
A13: 201620 | B13: 88 | C13: 23 | D13: 0.26136364 | E13: 0 | F13: 0 | G13: 65 | H13: 0.73863636 | M13: 201620 | N13: 37 | O13: 13 | P13: 0.35135135 | Q13: 0 | R13: 0 | S13: 24 | T13: 0.64864865
A14: 201710 | B14: 93 | C14: 28 | D14: 0.30107527 | E14: 0 | F14: 0 | G14: 65 | H14: 0.69892473 | M14: 201710 | N14: 70 | O14: 21 | P14: 0.3 | Q14: 0 | R14: 0 | S14: 49 | T14: 0.7
A15: 201720 | B15: 63 | C15: 15 | D15: 0.23809524 | E15: 0 | F15: 0 | G15: 48 | H15: 0.76190476 | M15: 201720 | N15: 30 | O15: 7 | P15: 0.23333333 | Q15: 0 | R15: 0 | S15: 23 | T15: 0.76666667
A16: 201810 | B16: 60 | C16: 8 | D16: 0.13333333 | E16: 0 | F16: 0 | G16: 52 | H16: 0.86666667 | M16: 201810 | N16: 36 | O16: 7 | P16: 0.19444444 | Q16: 0 | R16: 0 | S16: 29 | T16: 0.80555556
A17: 201820 | B17: 50 | C17: 17 | D17: 0.34 | E17: 0 | F17: 0 | G17: 33 | H17: 0.66 | M17: 201820 | N17: 14 | O17: 5 | P17: 0.35714286 | Q17: 0 | R17: 0 | S17: 9 | T17: 0.64285714
... A23: 202120 | B23: 42 | C23: 10 | D23: 0.23809524 | E23: 0 | F23: 0 | G23: 32 | H23: 0.76190476 | M23: 202120 | N23: 22 | O23: 3 | P23: 0.13636364 | Q23: 0 | R23: 0 | S23: 19 | T23: 0.86363636
A24: 202210 | B24: {=IF(RIGHT($A24,2)="10",_xlfn.XLOOKUP("ENI"&$A24,[1]PROGRAMA!$A:$A&[1]PROGRAMA!$B:$B,[1]PROGRAMA!C:C,0),_xlfn.XLOOKUP("ENI"&$A24,[2]PROGRAMA!$A:$A&[2]PROGRAMA!$B:$B,[2]PROGRAMA!C:C,0))} -> 64 | C24: {=IF(RIGHT($A24,2)="10",_xlfn.XLOOKUP("ENI"&$A24,[1]PROGRAMA!$A:$A&[1]PROGRAMA!$B:$B,[1]PROGRAMA!D:D,0),_xlfn.XLOOKUP("ENI"&$A24,[2]PROGRAMA!$A:$A&[2]PROGRAMA!$B:$B,[2]PROGRAMA!D:D,0))} -> 14 | D24: =IFERROR(C24/$B24,0) -> 0.21875 | E24: {=IF(RIGHT($A24,2)="10",_xlfn.XLOOKUP("ENI"&$A24,[1]PROGRAMA!$A:$A&[1]PROGRAMA!$B:$B,[1]PROGRAMA!E:E,0),_xlfn.XLOOKUP("ENI"&$A24,[2]PROGRAMA!$A:$A&[2]PROGRAMA!$B:$B,[2]PROGRAMA!E:E,0))} -> 0 | F24: =IFERROR(E24/$B24,0) -> 0 | G24: =B24-C24 -> 50 | H24: =IFERROR(G24/$B24,0) -> 0.78125 | M24: 202210 | N24: {=IF(RIGHT($A24,2)="10",_xlfn.XLOOKUP("ENI"&$A24,'[1]PROGRAMA 123'!$A:$A&'[1]PROGRAMA 123'!$B:$B,'[1]PROGRAMA 123'!C:C,0),_xlfn.XLOOKUP("ENI"&$A24,'[2]PROGRAMA 123'!$A:$A&'[2]PROGRAMA 123'!$B:$B,'[2]PROGRAMA 123'!C:C,0))} -> 40 | O24: {=IF(RIGHT($A24,2)="10",_xlfn.XLOOKUP("ENI"&$A24,'[1]PROGRAMA 123'!$A:$A&'[1]PROGRAMA 123'!$B:$B,'[1]PROGRAMA 123'!D:D,0),_xlfn.XLOOKUP("ENI"&$A24,'[2]PROGRAMA 123'!$A:$A&'[2]PROGRAMA 123'!$B:$B,'[2]PROGRAMA 123'!D:D,0))} -> 6 | P24: =IFERROR(O24/$N24,0) -> 0.15 | Q24: {=IF(RIGHT($A24,2)="10",_xlfn.XLOOKUP("ENI"&$A24,'[1]PROGRAMA 123'!$A:$A&'[1]PROGRAMA 123'!$B:$B,'[1]PROGRAMA 123'!E:E,0),_xlfn.XLOOKUP("ENI"&$A24,'[2]PROGRAMA 123'!$A:$A&'[2]PROGRAMA 123'!$B:$B,'[2]PROGRAMA 123'!E:E,0))} -> 0 | R24: =IFERROR(Q24/$N24,0) -> 0 | S24: =N24-O24 -> 34 | T24: =IFERROR(S24/$N24,0) -> 0.85
A25: 202220 | B25: {=IF(RIGHT($A25,2)="10",_xlfn.XLOOKUP("ENI"&$A25,[1]PROGRAMA!$A:$A&[1]PROGRAMA!$B:$B,[1]PROGRAMA!C:C,0),_xlfn.XLOOKUP("ENI"&$A25,[2]PROGRAMA!$A:$A&[2]PROGRAMA!$B:$B,[2]PROGRAMA!C:C,0))} -> 59 | C25: {=IF(RIGHT($A25,2)="10",_xlfn.XLOOKUP("ENI"&$A25,[1]PROGRAMA!$A:$A&[1]PROGRAMA!$B:$B,[1]PROGRAMA!D:D,0),_xlfn.XLOOKUP("ENI"&$A25,[2]PROGRAMA!$A:$A&[2]PROGRAMA!$B:$B,[2]PROGRAMA!D:D,0))} -> 11 | D25: =IFERROR(C25/$B25,0) -> 0.18644068 | E25: {=IF(RIGHT($A25,2)="10",_xlfn.XLOOKUP("ENI"&$A25,[1]PROGRAMA!$A:$A&[1]PROGRAMA!$B:$B,[1]PROGRAMA!E:E,0),_xlfn.XLOOKUP("ENI"&$A25,[2]PROGRAMA!$A:$A&[2]PROGRAMA!$B:$B,[2]PROGRAMA!E:E,0))} -> 0 | F25: =IFERROR(E25/$B25,0) -> 0 | G25: =B25-C25 -> 48 | H25: =IFERROR(G25/$B25,0) -> 0.81355932 | M25: 202220 | N25: {=IF(RIGHT($A25,2)="10",_xlfn.XLOOKUP("ENI"&$A25,'[1]PROGRAMA 123'!$A:$A&'[1]PROGRAMA 123'!$B:$B,'[1]PROGRAMA 123'!C:C,0),_xlfn.XLOOKUP("ENI"&$A25,'[2]PROGRAMA 123'!$A:$A&'[2]PROGRAMA 123'!$B:$B,'[2]PROGRAMA 123'!C:C,0))} -> 43 | O25: {=IF(RIGHT($A25,2)="10",_xlfn.XLOOKUP("ENI"&$A25,'[1]PROGRAMA 123'!$A:$A&'[1]PROGRAMA 123'!$B:$B,'[1]PROGRAMA 123'!D:D,0),_xlfn.XLOOKUP("ENI"&$A25,'[2]PROGRAMA 123'!$A:$A&'[2]PROGRAMA 123'!$B:$B,'[2]PROGRAMA 123'!D:D,0))} -> 6 | P25: =IFERROR(O25/$N25,0) -> 0.13953488 | Q25: {=IF(RIGHT($A25,2)="10",_xlfn.XLOOKUP("ENI"&$A25,'[1]PROGRAMA 123'!$A:$A&'[1]PROGRAMA 123'!$B:$B,'[1]PROGRAMA 123'!E:E,0),_xlfn.XLOOKUP("ENI"&$A25,'[2]PROGRAMA 123'!$A:$A&'[2]PROGRAMA 123'!$B:$B,'[2]PROGRAMA 123'!E:E,0))} -> 0 | R25: =IFERROR(Q25/$N25,0) -> 0 | S25: =N25-O25 -> 37 | T25: =IFERROR(S25/$N25,0) -> 0.86046512
A26: 202310 | B26: 41 | C26: 5 | D26: =IFERROR(C26/$B26,0) -> 0.12195122 | E26: 0 | F26: =IFERROR(E26/$B26,0) -> 0 | G26: 36 | H26: =IFERROR(G26/$B26,0) -> 0.87804878 | M26: 202310 | N26: 30 | O26: 4 | P26: =IFERROR(O26/$N26,0) -> 0.13333333 | Q26: 0 | R26: =IFERROR(Q26/$N26,0) -> 0 | S26: 26 | T26: =IFERROR(S26/$N26,0) -> 0.86666667
A28: Indicador institucional - 1d. Retiro temprano % de retiro de las cohortes con 3 semestres de estudio calculado en una ventana de 1 año | M28: Indicador institucional - 3b. Retiro temprano 1, 2 y 3 % de retiro de las cohortes con 3 semestres de estudio calculado en una ventana de 1 año
A29: *2014 122-131 | B29: 2015 132-141 | C29: 2016 142-151 | D29: 2017 152-161 | E29: 2018 162-171 | F29: 2019 172-181 | G29: 2020 182-191 | H29: 2021 192-201 | I29: 2022 202-211 | J29: ='1d. Retiro temprano.'!K30 -> 2023 212-221 | K29: ='1d. Retiro temprano.'!L30 -> 2024-1*** 222 | M29: *2014 122-131 | N29: 2015 132-141 | O29: 2016 142-151 | P29: 2017 152-161 | Q29: 2018 162-171 | R29: 2019 172-181 | S29: 2020 182-191 | T29: 2021 192-201 | U29: 2022 202-211 | V29: =J29 -> 2023 212-221 | W29: =K29 -> 2024-1*** 222
A30: =D6 -> 0.33695652 | B30: =+((B7*D7)+(B8*D8))/(B7+B8) -> 0.30531737 | C30: =((B9*D9)+(B10*D10))/(B9+B10) -> 0.33046226 | D30: =+((B11*D11)+(B12*D12))/(B11+B12) -> 0.25114155 | E30: =((B13*D13)+(B14*D14))/(B13+B14) -> 0.28176796 | F30: =((B15*D15)+(B16*D16))/(B15+B16) -> 0.18699187 | G30: =((B17*D17)+(B18*D18))/(B17+B18) -> 0.23469388 | H30: =((B19*D19)+(B20*D20))/(B19+B20) -> 0.22123894 | I30: =((B21*D21)+(B22*D22))/(B21+B22) -> 0.11881188 | J30: =(C23+C24)/(B23+B24) -> 0.22641509 | K30: =D25 -> 0.18644068 | M30: =P6 -> 0.34328358 | N30: =+((N7*P7)+(N8*P8))/(N7+N8) -> 0.26975281 | O30: =((N9*P9)+(N10*P10))/(N9+N10) -> 0.33351163 | P30: =+((N11*P11)+(N12*P12))/(N11+N12) -> 0.21276596 | Q30: =((N13*P13)+(N14*P14))/(N13+N14) -> 0.31775701 | R30: =((N15*P15)+(N16*P16))/(N15+N16) -> 0.21212121 | S30: =((N17*P17)+(N18*P18))/(N17+N18) -> 0.18 | T30: =((N19*P19)+(N20*P20))/(N19+N20) -> 0.2037037 | U30: =((N21*P21)+(N22*P22))/(N21+N22) -> 0.1 | V30: =(O23+O24)/(N23+N24) -> 0.14516129 | W30: =P25 -> 0.13953488
A31: * para el año 2014 solo se tomó el porcentaje de retiro del periodo 131 porque no se contaba con el porcentaje del periodo 122 | M31: * para el año 2014 solo se tomó el porcentaje de retiro del periodo 131 porque no se contaba con el porcentaje del periodo 122
A32: ** Para el periodo 2024-1 sólo se tomo el procentaje de 202220 que a esa fecha de medición cumple 3 semestres de estudio cursado y están en su cuarto semestre. | M32: ** Para el periodo 2024-1 sólo se tomo el procentaje de 202220 que a esa fecha de medición cumple 3 semestres de estudio cursado y están en su cuarto semestre.

Sheet MIP
A1: Fecha de corte: grados 2024-2. | M1: Fecha de corte: grados 2024-2.
A3: RETIRO TEMPRANO MIP | M3: RETIRO TEMPRANO MIP-ESTRATOS 1, 2 Y 3
A5: Periodo de ingreso - Estudiante | B5: No. Estudiantes | C5: No. Retirados | D5: % Retiro | E5: No. Graduados | F5: % Graduados | G5: Est. Activos | H5: % Activos | M5: Periodo de ingreso - Estudiante | N5: No. Estudiantes | O5: No. Retirados | P5: % Retiro | Q5: No. Graduados | R5: % Graduados | S5: Est. Activos | T5: % Activos
A6: 201310 | B6: 44 | C6: 11 | D6: 0.25 | E6: 0 | F6: 0 | G6: 33 | H6: 0.75 | M6: 201310 | N6: 24 | O6: 3 | P6: 0.125 | Q6: 0 | R6: 0 | S6: 21 | T6: 0.875
A7: 201320 | B7: 56 | C7: 15 | D7: 0.26785714 | E7: 0 | F7: 0 | G7: 41 | H7: 0.73214286 | M7: 201320 | N7: 25 | O7: 6 | P7: 0.24 | Q7: 0 | R7: 0 | S7: 19 | T7: 0.76
A8: 201410 | B8: 36 | C8: 9 | D8: 0.25 | E8: 0 | F8: 0 | G8: 27 | H8: 0.75 | M8: 201410 | N8: 18 | O8: 5 | P8: 0.278 | Q8: 0 | R8: 0 | S8: 13 | T8: 0.722
A9: 201420 | B9: 91 | C9: 31 | D9: 0.341 | E9: 0 | F9: 0 | G9: 60 | H9: 0.659 | M9: 201420 | N9: 26 | O9: 7 | P9: 0.269 | Q9: 0 | R9: 0 | S9: 19 | T9: 0.731
A10: 201510 | B10: 50 | C10: 11 | D10: 0.22 | E10: 0 | F10: 0 | G10: 39 | H10: 0.78 | M10: 201510 | N10: 26 | O10: 6 | P10: 0.231 | Q10: 0 | R10: 0 | S10: 20 | T10: 0.769
A11: 201520 | B11: 41 | C11: 6 | D11: 0.14634146 | E11: 0 | F11: 0 | G11: 35 | H11: 0.85365854 | M11: 201520 | N11: 16 | O11: 1 | P11: 0.0625 | Q11: 0 | R11: 0 | S11: 15 | T11: 0.9375
A12: 201610 | B12: 51 | C12: 12 | D12: 0.23529412 | E12: 0 | F12: 0 | G12: 39 | H12: 0.76470588 | M12: 201610 | N12: 29 | O12: 7 | P12: 0.24137931 | Q12: 0 | R12: 0 | S12: 22 | T12: 0.75862069
A13: 201620 | B13: 88 | C13: 9 | D13: 0.10227273 | E13: 1 | F13: 0.011363636 | G13: 78 | H13: 0.88636364 | M13: 201620 | N13: 23 | O13: 3 | P13: 0.13043478 | Q13: 0 | R13: 0 | S13: 20 | T13: 0.86956522
A14: 201710 | B14: 44 | C14: 9 | D14: 0.20454545 | E14: 0 | F14: 0 | G14: 35 | H14: 0.79545455 | M14: 201710 | N14: 22 | O14: 4 | P14: 0.18181818 | Q14: 0 | R14: 0 | S14: 18 | T14: 0.81818182
A15: 201720 | B15: 65 | C15: 10 | D15: 0.15384615 | E15: 0 | F15: 0 | G15: 55 | H15: 0.84615385 | M15: 201720 | N15: 21 | O15: 2 | P15: 0.095238095 | Q15: 0 | R15: 0 | S15: 19 | T15: 0.9047619
A16: 201810 | B16: 53 | C16: 9 | D16: 0.16981132 | E16: 0 | F16: 0 | G16: 44 | H16: 0.83018868 | M16: 201810 | N16: 22 | O16: 4 | P16: 0.18181818 | Q16: 0 | R16: 0 | S16: 18 | T16: 0.81818182
A17: 201820 | B17: 58 | C17: 9 | D17: 0.15517241 | E17: 0 | F17: 0 | G17: 49 | H17: 0.84482759 | M17: 201820 | N17: 21 | O17: 5 | P17: 0.23809524 | Q17: 0 | R17: 0 | S17: 16 | T17: 0.76190476
... A23: 202120 | B23: 39 | C23: 6 | D23: 0.15384615 | E23: 0 | F23: 0 | G23: 33 | H23: 0.84615385 | M23: 202120 | N23: 13 | O23: 2 | P23: 0.15384615 | Q23: 0 | R23: 0 | S23: 11 | T23: 0.84615385
A24: 202210 | B24: {=IF(RIGHT($A24,2)="10",_xlfn.XLOOKUP("MIP"&$A24,[1]PROGRAMA!$A:$A&[1]PROGRAMA!$B:$B,[1]PROGRAMA!C:C,0),_xlfn.XLOOKUP("MIP"&$A24,[2]PROGRAMA!$A:$A&[2]PROGRAMA!$B:$B,[2]PROGRAMA!C:C,0))} -> 102 | C24: {=IF(RIGHT($A24,2)="10",_xlfn.XLOOKUP("MIP"&$A24,[1]PROGRAMA!$A:$A&[1]PROGRAMA!$B:$B,[1]PROGRAMA!D:D,0),_xlfn.XLOOKUP("MIP"&$A24,[2]PROGRAMA!$A:$A&[2]PROGRAMA!$B:$B,[2]PROGRAMA!D:D,0))} -> 13 | D24: =IFERROR(C24/$B24,0) -> 0.12745098 | E24: {=IF(RIGHT($A24,2)="10",_xlfn.XLOOKUP("MIP"&$A24,[1]PROGRAMA!$A:$A&[1]PROGRAMA!$B:$B,[1]PROGRAMA!E:E,0),_xlfn.XLOOKUP("MIP"&$A24,[2]PROGRAMA!$A:$A&[2]PROGRAMA!$B:$B,[2]PROGRAMA!E:E,0))} -> 0 | F24: =IFERROR(E24/$B24,0) -> 0 | G24: =B24-C24 -> 89 | H24: =IFERROR(G24/$B24,0) -> 0.87254902 | M24: 202210 | N24: {=IF(RIGHT($A24,2)="10",_xlfn.XLOOKUP("MIP"&$A24,'[1]PROGRAMA 123'!$A:$A&'[1]PROGRAMA 123'!$B:$B,'[1]PROGRAMA 123'!C:C,0),_xlfn.XLOOKUP("MIP"&$A24,'[2]PROGRAMA 123'!$A:$A&'[2]PROGRAMA 123'!$B:$B,'[2]PROGRAMA 123'!C:C,0))} -> 44 | O24: {=IF(RIGHT($A24,2)="10",_xlfn.XLOOKUP("MIP"&$A24,'[1]PROGRAMA 123'!$A:$A&'[1]PROGRAMA 123'!$B:$B,'[1]PROGRAMA 123'!D:D,0),_xlfn.XLOOKUP("MIP"&$A24,'[2]PROGRAMA 123'!$A:$A&'[2]PROGRAMA 123'!$B:$B,'[2]PROGRAMA 123'!D:D,0))} -> 6 | P24: =IFERROR(O24/$N24,0) -> 0.13636364 | Q24: {=IF(RIGHT($A24,2)="10",_xlfn.XLOOKUP("MIP"&$A24,'[1]PROGRAMA 123'!$A:$A&'[1]PROGRAMA 123'!$B:$B,'[1]PROGRAMA 123'!E:E,0),_xlfn.XLOOKUP("MIP"&$A24,'[2]PROGRAMA 123'!$A:$A&'[2]PROGRAMA 123'!$B:$B,'[2]PROGRAMA 123'!E:E,0))} -> 0 | R24: =IFERROR(Q24/$N24,0) -> 0 | S24: =N24-O24 -> 38 | T24: =IFERROR(S24/$N24,0) -> 0.86363636
A25: 202220 | B25: {=IF(RIGHT($A25,2)="10",_xlfn.XLOOKUP("MIP"&$A25,[1]PROGRAMA!$A:$A&[1]PROGRAMA!$B:$B,[1]PROGRAMA!C:C,0),_xlfn.XLOOKUP("MIP"&$A25,[2]PROGRAMA!$A:$A&[2]PROGRAMA!$B:$B,[2]PROGRAMA!C:C,0))} -> 45 | C25: {=IF(RIGHT($A25,2)="10",_xlfn.XLOOKUP("MIP"&$A25,[1]PROGRAMA!$A:$A&[1]PROGRAMA!$B:$B,[1]PROGRAMA!D:D,0),_xlfn.XLOOKUP("MIP"&$A25,[2]PROGRAMA!$A:$A&[2]PROGRAMA!$B:$B,[2]PROGRAMA!D:D,0))} -> 8 | D25: =IFERROR(C25/$B25,0) -> 0.17777778 | E25: {=IF(RIGHT($A25,2)="10",_xlfn.XLOOKUP("MIP"&$A25,[1]PROGRAMA!$A:$A&[1]PROGRAMA!$B:$B,[1]PROGRAMA!E:E,0),_xlfn.XLOOKUP("MIP"&$A25,[2]PROGRAMA!$A:$A&[2]PROGRAMA!$B:$B,[2]PROGRAMA!E:E,0))} -> 0 | F25: =IFERROR(E25/$B25,0) -> 0 | G25: =B25-C25 -> 37 | H25: =IFERROR(G25/$B25,0) -> 0.82222222 | M25: 202220 | N25: {=IF(RIGHT($A25,2)="10",_xlfn.XLOOKUP("MIP"&$A25,'[1]PROGRAMA 123'!$A:$A&'[1]PROGRAMA 123'!$B:$B,'[1]PROGRAMA 123'!C:C,0),_xlfn.XLOOKUP("MIP"&$A25,'[2]PROGRAMA 123'!$A:$A&'[2]PROGRAMA 123'!$B:$B,'[2]PROGRAMA 123'!C:C,0))} -> 18 | O25: {=IF(RIGHT($A25,2)="10",_xlfn.XLOOKUP("MIP"&$A25,'[1]PROGRAMA 123'!$A:$A&'[1]PROGRAMA 123'!$B:$B,'[1]PROGRAMA 123'!D:D,0),_xlfn.XLOOKUP("MIP"&$A25,'[2]PROGRAMA 123'!$A:$A&'[2]PROGRAMA 123'!$B:$B,'[2]PROGRAMA 123'!D:D,0))} -> 5 | P25: =IFERROR(O25/$N25,0) -> 0.27777778 | Q25: {=IF(RIGHT($A25,2)="10",_xlfn.XLOOKUP("MIP"&$A25,'[1]PROGRAMA 123'!$A:$A&'[1]PROGRAMA 123'!$B:$B,'[1]PROGRAMA 123'!E:E,0),_xlfn.XLOOKUP("MIP"&$A25,'[2]PROGRAMA 123'!$A:$A&'[2]PROGRAMA 123'!$B:$B,'[2]PROGRAMA 123'!E:E,0))} -> 0 | R25: =IFERROR(Q25/$N25,0) -> 0 | S25: =N25-O25 -> 13 | T25: =IFERROR(S25/$N25,0) -> 0.72222222
A26: 202310 | B26: 58 | C26: 5 | D26: =IFERROR(C26/$B26,0) -> 0.086206897 | E26: 0 | F26: =IFERROR(E26/$B26,0) -> 0 | G26: 53 | H26: =IFERROR(G26/$B26,0) -> 0.9137931 | M26: 202310 | N26: 26 | O26: 3 | P26: =IFERROR(O26/$N26,0) -> 0.11538462 | Q26: 0 | R26: =IFERROR(Q26/$N26,0) -> 0 | S26: 23 | T26: =IFERROR(S26/$N26,0) -> 0.88461538
A28: Indicador institucional - 1d. Retiro temprano % de retiro de las cohortes con 3 semestres de estudio calculado en una ventana de 1 año | M28: Indicador institucional - 3b. Retiro temprano 1, 2 y 3 % de retiro de las cohortes con 3 semestres de estudio calculado en una ventana de 1 año
A29: *2014 122-131 | B29: 2015 132-141 | C29: 2016 142-151 | D29: 2017 152-161 | E29: 2018 162-171 | F29: 2019 172-181 | G29: 2020 182-191 | H29: 2021 192-201 | I29: 2022 202-211 | J29: ='1d. Retiro temprano.'!K30 -> 2023 212-221 | K29: ='1d. Retiro temprano.'!L30 -> 2024-1*** 222 | M29: **2014 122-131 | N29: 2015 132-141 | O29: 2016 142-151 | P29: 2017 152-161 | Q29: 2018 162-171 | R29: 2019 172-181 | S29: 2020 182-191 | T29: 2021 192-201 | U29: 2022 202-211 | V29: =J29 -> 2023 212-221 | W29: =K29 -> 2024-1*** 222
A30: =D6 -> 0.25 | B30: =+((B7*D7)+(B8*D8))/(B7+B8) -> 0.26086957 | C30: =((B9*D9)+(B10*D10))/(B9+B10) -> 0.2980922 | D30: =+((B11*D11)+(B12*D12))/(B11+B12) -> 0.19565217 | E30: =((B13*D13)+(B14*D14))/(B13+B14) -> 0.13636364 | F30: =((B15*D15)+(B16*D16))/(B15+B16) -> 0.16101695 | G30: =((B17*D17)+(B18*D18))/(B17+B18) -> 0.24561404 | H30: =((B19*D19)+(B20*D20))/(B19+B20) -> 0.1627907 | I30: =((B21*D21)+(B22*D22))/(B21+B22) -> 0.08411215 | J30: =(C23+C24)/(B23+B24) -> 0.13475177 | K30: =D25 -> 0.17777778 | M30: =P6 -> 0.125 | N30: =+((N7*P7)+(N8*P8))/(N7+N8) -> 0.25590698 | O30: =((N9*P9)+(N10*P10))/(N9+N10) -> 0.25 | P30: =+((N11*P11)+(N12*P12))/(N11+N12) -> 0.17777778 | Q30: =((N13*P13)+(N14*P14))/(N13+N14) -> 0.15555556 | R30: =((N15*P15)+(N16*P16))/(N15+N16) -> 0.13953488 | S30: =((N17*P17)+(N18*P18))/(N17+N18) -> 0.28205128 | T30: =((N19*P19)+(N20*P20))/(N19+N20) -> 0.17777778 | U30: =((N21*P21)+(N22*P22))/(N21+N22) -> 0.096774194 | V30: =(O23+O24)/(N23+N24) -> 0.14035088 | W30: =P25 -> 0.27777778
A31: * para el año 2014 solo se tomó el porcentaje de retiro del periodo 131 porque no se contaba con el porcentaje del periodo 122 | M31: * para el año 2014 solo se tomó el porcentaje de retiro del periodo 131 porque no se contaba con el porcentaje del periodo 122
A32: ** Para el periodo 2024-1 sólo se tomo el procentaje de 202220 que a esa fecha de medición cumple 3 semestres de estudio cursado y están en su cuarto semestre. | M32: ** Para el periodo 2024-1 sólo se tomo el procentaje de 202220 que a esa fecha de medición cumple 3 semestres de estudio cursado y están en su cuarto semestre.

Sheet COFI
A1: Fecha de corte: grados 2024-2. | M1: Fecha de corte: grados 2024-2.
A3: RETIRO TEMPRANO COFI | M3: RETIRO TEMPRANO COFI-ESTRATOS 1, 2 Y 3
A4: Periodo de ingreso - Estudiante | B4: No. Estudiantes | C4: No. Retirados | D4: % Retiro | E4: No. Graduados | F4: % Graduados | G4: Est. Activos | H4: % Activos | M4: Periodo de ingreso - Estudiante | N4: No. Estudiantes | O4: No. Retirados | P4: % Retiro | Q4: No. Graduados | R4: % Graduados | S4: Est. Activos | T4: % Activos
A5: 201310 | B5: 11 | C5: 3 | D5: 0.27272727 | E5: 0 | F5: 0 | G5: 8 | H5: 0.72727273 | M5: 201310 | N5: 10 | O5: 2 | P5: 0.2 | Q5: 0 | R5: 0 | S5: 8 | T5: 0.8
A6: 201320 | B6: 10 | C6: 3 | D6: 0.3 | E6: 0 | F6: 0 | G6: 7 | H6: 0.7 | M6: 201320 | N6: 7 | O6: 2 | P6: 0.28571429 | Q6: 0 | R6: 0 | S6: 5 | T6: 0.71428571
A7: 201410 | B7: 16 | C7: 2 | D7: 0.125 | E7: 0 | F7: 0 | G7: 14 | H7: 0.875 | M7: 201410 | N7: 15 | O7: 2 | P7: 0.133 | Q7: 0 | R7: 0 | S7: 13 | T7: 0.867
A8: 201420 | B8: 21 | C8: 4 | D8: 0.19 | E8: 0 | F8: 0 | G8: 17 | H8: 0.81 | M8: 201420 | N8: 14 | O8: 3 | P8: 0.214 | Q8: 0 | R8: 0 | S8: 11 | T8: 0.786
A9: 201510 | B9: 45 | C9: 8 | D9: 0.178 | E9: 0 | F9: 0 | G9: 37 | H9: 0.822 | M9: 201510 | N9: 42 | O9: 6 | P9: 0.143 | Q9: 0 | R9: 0 | S9: 36 | T9: 0.857
A10: 201520 | B10: 11 | C10: 3 | D10: 0.27272727 | E10: 0 | F10: 0 | G10: 8 | H10: 0.72727273 | M10: 201520 | N10: 7 | O10: 3 | P10: 0.42857143 | Q10: 0 | R10: 0 | S10: 4 | T10: 0.57142857
A11: 201610 | B11: 37 | C11: 6 | D11: 0.16216216 | E11: 0 | F11: 0 | G11: 31 | H11: 0.83783784 | M11: 201610 | N11: 36 | O11: 6 | P11: 0.16666667 | Q11: 0 | R11: 0 | S11: 30 | T11: 0.83333333
A12: 201620 | B12: 10 | C12: 1 | D12: 0.1 | E12: 1 | F12: 0.1 | G12: 8 | H12: 0.8 | M12: 201620 | N12: 9 | O12: 1 | P12: 0.11111111 | Q12: 1 | R12: 0.11111111 | S12: 7 | T12: 0.77777778
A13: 201710 | B13: 24 | C13: 2 | D13: 0.083333333 | E13: 0 | F13: 0 | G13: 22 | H13: 0.91666667 | M13: 201710 | N13: 22 | O13: 2 | P13: 0.090909091 | Q13: 0 | R13: 0 | S13: 20 | T13: 0.90909091
A14: 201720 | B14: 15 | C14: 4 | D14: 0.26666667 | E14: 0 | F14: 0 | G14: 11 | H14: 0.73333333 | M14: 201720 | N14: 8 | O14: 2 | P14: 0.25 | Q14: 0 | R14: 0 | S14: 6 | T14: 0.75
A15: 201810 | B15: 14 | C15: 2 | D15: 0.14285714 | E15: 0 | F15: 0 | G15: 12 | H15: 0.85714286 | M15: 201810 | N15: 12 | O15: 2 | P15: 0.16666667 | Q15: 0 | R15: 0 | S15: 10 | T15: 0.83333333
A16: 201820 | B16: 12 | C16: 0 | D16: 0 | E16: 0 | F16: 0 | G16: 12 | H16: 1 | M16: 201820 | N16: 11 | O16: 0 | P16: 0 | Q16: 0 | R16: 0 | S16: 11 | T16: 1
... A22: 202120 | B22: 5 | C22: 0 | D22: 0 | E22: 0 | F22: 0 | G22: 5 | H22: 1 | M22: 202120 | N22: 2 | O22: 0 | P22: 0 | Q22: 0 | R22: 0 | S22: 2 | T22: 1
A23: 202210 | B23: {=IF(RIGHT($A23,2)="10",_xlfn.XLOOKUP("COF"&$A23,[1]PROGRAMA!$A:$A&[1]PROGRAMA!$B:$B,[1]PROGRAMA!C:C,0),_xlfn.XLOOKUP("COF"&$A23,[2]PROGRAMA!$A:$A&[2]PROGRAMA!$B:$B,[2]PROGRAMA!C:C,0))} -> 28 | C23: {=IF(RIGHT($A23,2)="10",_xlfn.XLOOKUP("COF"&$A23,[1]PROGRAMA!$A:$A&[1]PROGRAMA!$B:$B,[1]PROGRAMA!D:D,0),_xlfn.XLOOKUP("COF"&$A23,[2]PROGRAMA!$A:$A&[2]PROGRAMA!$B:$B,[2]PROGRAMA!D:D,0))} -> 4 | D23: =IFERROR(C23/$B23,0) -> 0.14285714 | E23: {=IF(RIGHT($A23,2)="10",_xlfn.XLOOKUP("COF"&$A23,[1]PROGRAMA!$A:$A&[1]PROGRAMA!$B:$B,[1]PROGRAMA!E:E,0),_xlfn.XLOOKUP("COF"&$A23,[2]PROGRAMA!$A:$A&[2]PROGRAMA!$B:$B,[2]PROGRAMA!E:E,0))} -> 0 | F23: =IFERROR(E23/$B23,0) -> 0 | G23: =B23-C23 -> 24 | H23: =IFERROR(G23/$B23,0) -> 0.85714286 | M23: 202210 | N23: {=IF(RIGHT($A23,2)="10",_xlfn.XLOOKUP("COF"&$A23,'[1]PROGRAMA 123'!$A:$A&'[1]PROGRAMA 123'!$B:$B,'[1]PROGRAMA 123'!C:C,0),_xlfn.XLOOKUP("COF"&$A23,'[2]PROGRAMA 123'!$A:$A&'[2]PROGRAMA 123'!$B:$B,'[2]PROGRAMA 123'!C:C,0))} -> 24 | O23: {=IF(RIGHT($A23,2)="10",_xlfn.XLOOKUP("COF"&$A23,'[1]PROGRAMA 123'!$A:$A&'[1]PROGRAMA 123'!$B:$B,'[1]PROGRAMA 123'!D:D,0),_xlfn.XLOOKUP("COF"&$A23,'[2]PROGRAMA 123'!$A:$A&'[2]PROGRAMA 123'!$B:$B,'[2]PROGRAMA 123'!D:D,0))} -> 3 | P23: =IFERROR(O23/$N23,0) -> 0.125 | Q23: {=IF(RIGHT($A23,2)="10",_xlfn.XLOOKUP("COF"&$A23,'[1]PROGRAMA 123'!$A:$A&'[1]PROGRAMA 123'!$B:$B,'[1]PROGRAMA 123'!E:E,0),_xlfn.XLOOKUP("COF"&$A23,'[2]PROGRAMA 123'!$A:$A&'[2]PROGRAMA 123'!$B:$B,'[2]PROGRAMA 123'!E:E,0))} -> 0 | R23: =IFERROR(Q23/$N23,0) -> 0 | S23: =N23-O23 -> 21 | T23: =IFERROR(S23/$N23,0) -> 0.875
A24: 202220 | B24: {=IF(RIGHT($A24,2)="10",_xlfn.XLOOKUP("COF"&$A24,[1]PROGRAMA!$A:$A&[1]PROGRAMA!$B:$B,[1]PROGRAMA!C:C,0),_xlfn.XLOOKUP("COF"&$A24,[2]PROGRAMA!$A:$A&[2]PROGRAMA!$B:$B,[2]PROGRAMA!C:C,0))} -> 6 | C24: {=IF(RIGHT($A24,2)="10",_xlfn.XLOOKUP("COF"&$A24,[1]PROGRAMA!$A:$A&[1]PROGRAMA!$B:$B,[1]PROGRAMA!D:D,0),_xlfn.XLOOKUP("COF"&$A24,[2]PROGRAMA!$A:$A&[2]PROGRAMA!$B:$B,[2]PROGRAMA!D:D,0))} -> 2 | D24: =IFERROR(C24/$B24,0) -> 0.33333333 | E24: {=IF(RIGHT($A24,2)="10",_xlfn.XLOOKUP("COF"&$A24,[1]PROGRAMA!$A:$A&[1]PROGRAMA!$B:$B,[1]PROGRAMA!E:E,0),_xlfn.XLOOKUP("COF"&$A24,[2]PROGRAMA!$A:$A&[2]PROGRAMA!$B:$B,[2]PROGRAMA!E:E,0))} -> 0 | F24: =IFERROR(E24/$B24,0) -> 0 | G24: =B24-C24 -> 4 | H24: =IFERROR(G24/$B24,0) -> 0.66666667 | M24: 202220 | N24: {=IF(RIGHT($A24,2)="10",_xlfn.XLOOKUP("COF"&$A24,'[1]PROGRAMA 123'!$A:$A&'[1]PROGRAMA 123'!$B:$B,'[1]PROGRAMA 123'!C:C,0),_xlfn.XLOOKUP("COF"&$A24,'[2]PROGRAMA 123'!$A:$A&'[2]PROGRAMA 123'!$B:$B,'[2]PROGRAMA 123'!C:C,0))} -> 6 | O24: {=IF(RIGHT($A24,2)="10",_xlfn.XLOOKUP("COF"&$A24,'[1]PROGRAMA 123'!$A:$A&'[1]PROGRAMA 123'!$B:$B,'[1]PROGRAMA 123'!D:D,0),_xlfn.XLOOKUP("COF"&$A24,'[2]PROGRAMA 123'!$A:$A&'[2]PROGRAMA 123'!$B:$B,'[2]PROGRAMA 123'!D:D,0))} -> 2 | P24: =IFERROR(O24/$N24,0) -> 0.33333333 | Q24: {=IF(RIGHT($A24,2)="10",_xlfn.XLOOKUP("COF"&$A24,'[1]PROGRAMA 123'!$A:$A&'[1]PROGRAMA 123'!$B:$B,'[1]PROGRAMA 123'!E:E,0),_xlfn.XLOOKUP("COF"&$A24,'[2]PROGRAMA 123'!$A:$A&'[2]PROGRAMA 123'!$B:$B,'[2]PROGRAMA 123'!E:E,0))} -> 0 | R24: =IFERROR(Q24/$N24,0) -> 0 | S24: =N24-O24 -> 4 | T24: =IFERROR(S24/$N24,0) -> 0.66666667
A25: 202310 | B25: 15 | C25: 7 | D25: 0.46666667 | E25: 0 | F25: 0 | G25: 8 | H25: 0.53333333 | M25: 202310 | N25: 12 | O25: 6 | P25: 0.5 | Q25: 0 | R25: 0 | S25: 6 | T25: 0.5
A27: Indicador institucional - 1d. Retiro temprano % de retiro de las cohortes con 3 semestres de estudio calculado en una ventana de 1 año | M27: Indicador institucional - 3b. Retiro temprano 1, 2 y 3 % de retiro de las cohortes con 3 semestres de estudio calculado en una ventana de 1 año
A28: *2014 122-131 | B28: 2015 132-141 | C28: 2016 142-151 | D28: 2017 152-161 | E28: 2018 162-171 | F28: 2019 172-181 | G28: 2020 182-191 | H28: 2021 192-201 | I28: 2022 202-211 | J28: ='1d. Retiro temprano.'!K30 -> 2023 212-221 | K28: ='1d. Retiro temprano.'!L30 -> 2024-1*** 222 | M28: **2014 122-131 | N28: 2015 132-141 | O28: 2016 142-151 | P28: 2017 152-161 | Q28: 2018 162-171 | R28: 2019 172-181 | S28: **2020 182-191 | T28: 2021 192-201 | U28: 2022 202-211 | V28: =J28 -> 2023 212-221 | W28: =K28 -> 2024-1*** 222
A29: =D5 -> 0.27272727 | B29: =+((B6*D6)+(B7*D7))/(B6+B7) -> 0.19230769 | C29: =((B8*D8)+(B9*D9))/(B8+B9) -> 0.18181818 | D29: =+((B10*D10)+(B11*D11))/(B10+B11) -> 0.1875 | E29: =((B12*D12)+(B13*D13))/(B12+B13) -> 0.088235294 | F29: =((B14*D14)+(B15*D15))/(B14+B15) -> 0.20689655 | G29: =((B16*D16)+(B17*D17))/(B16+B17) -> 0.043478261 | H29: =((B18*D18)+(B19*D19))/(B18+B19) -> 0.29411765 | I29: =((B20*D20)+(B21*D21))/(B20+B21) -> 0.23076923 | J29: =(C22+C23)/(B22+B23) -> 0.12121212 | K29: =D24 -> 0.33333333 | M29: =P5 -> 0.2 | N29: =+((N6*P6)+(N7*P7))/(N6+N7) -> 0.18159091 | O29: =((N8*P8)+(N9*P9))/(N8+N9) -> 0.16075 | P29: =+((N10*P10)+(N11*P11))/(N10+N11) -> 0.20930233 | Q29: =((N12*P12)+(N13*P13))/(N12+N13) -> 0.096774194 | R29: =((N14*P14)+(N15*P15))/(N14+N15) -> 0.2 | S29: =((N16*P16)+(N17*P17))/(N16+N17) -> 0 | T29: =((N18*P18)+(N19*P19))/(N18+N19) -> 0.3 | U29: =((N20*P20)+(N21*P21))/(N20+N21) -> 0.14285714 | V29: =(O22+O23)/(N22+N23) -> 0.11538462 | W29: =P24 -> 0.33333333
A30: * para el año 2014 solo se tomó el porcentaje de retiro del periodo 131 porque no se contaba con el porcentaje del periodo 122 | M30: * para el año 2014 solo se tomó el porcentaje de retiro del periodo 131 porque no se contaba con el porcentaje del periodo 122
A31: ** Para el periodo 2024-1 sólo se tomo el procentaje de 202220 que a esa fecha de medición cumple 3 semestres de estudio cursado y están en su cuarto semestre. | M31: ** Para el periodo 2024-1 sólo se tomo el procentaje de 202220 que a esa fecha de medición cumple 3 semestres de estudio cursado y están en su cuarto semestre.

Sheet FIN
A1: Fecha de corte: grados 2024-2. | M1: Fecha de corte: grados 2024-2.
A3: RETIRO TEMPRANO FIN | M3: RETIRO TEMPRANO FIN-ESTRATOS 1, 2 Y 3
A4: Periodo de ingreso - Estudiante | B4: No. Estudiantes | C4: No. Retirados | D4: % Retiro | E4: No. Graduados | F4: % Graduados | G4: Est. Activos | H4: % Activos | M4: Periodo de ingreso - Estudiante | N4: No. Estudiantes | O4: No. Retirados | P4: % Retiro | Q4: No. Graduados | R4: % Graduados | S4: Est. Activos | T4: % Activos
A5: 201910 | B5: 14 | C5: 4 | D5: 0.28571429 | E5: 0 | F5: 0 | G5: 10 | H5: 0.71428571 | M5: 201910 | N5: 5 | O5: 1 | P5: 0.2 | Q5: 0 | R5: 0 | S5: 4 | T5: 0.8
A6: 201920 | B6: 12 | C6: 1 | D6: 0.083333333 | E6: 0 | F6: 0 | G6: 11 | H6: 0.91666667 | M6: 201920 | N6: 6 | O6: 1 | P6: 0.16666667 | Q6: 0 | R6: 0 | S6: 5 | T6: 0.83333333
A7: 202010 | B7: 14 | C7: 2 | D7: 0.14285714 | E7: 0 | F7: 0 | G7: 12 | H7: 0.85714286 | M7: 202010 | N7: 5 | O7: 0 | P7: 0 | Q7: 0 | R7: 0 | S7: 6 | T7: 1
A8: 202020 | B8: 12 | C8: 3 | D8: 0.25 | E8: 0 | F8: 0 | G8: 9 | H8: 0.75 | M8: 202020 | N8: 3 | O8: 2 | P8: 0.66666667 | Q8: 0 | R8: 0 | S8: 1 | T8: 0.33333333
A9: 202110 | B9: 15 | C9: 2 | D9: 0.13333333 | E9: 0 | F9: 0 | G9: 13 | H9: 0.86666667 | M9: 202110 | N9: 10 | O9: 1 | P9: 0.1 | Q9: 0 | R9: 0 | S9: 9 | T9: 0.9
A10: 202120 | B10: 14 | C10: 3 | D10: 0.21428571 | E10: 0 | F10: 0 | G10: 11 | H10: 0.78571429 | M10: 202120 | N10: 6 | O10: 2 | P10: 0.33333333 | Q10: 0 | R10: 0 | S10: 4 | T10: 0.66666667
A11: 202210 | B11: {=IF(RIGHT($A11,2)="10",_xlfn.XLOOKUP("FIN"&$A11,[1]PROGRAMA!$A:$A&[1]PROGRAMA!$B:$B,[1]PROGRAMA!C:C,0),_xlfn.XLOOKUP("FIN"&$A11,[2]PROGRAMA!$A:$A&[2]PROGRAMA!$B:$B,[2]PROGRAMA!C:C,0))} -> 32 | C11: {=IF(RIGHT($A11,2)="10",_xlfn.XLOOKUP("FIN"&$A11,[1]PROGRAMA!$A:$A&[1]PROGRAMA!$B:$B,[1]PROGRAMA!D:D,0),_xlfn.XLOOKUP("FIN"&$A11,[2]PROGRAMA!$A:$A&[2]PROGRAMA!$B:$B,[2]PROGRAMA!D:D,0))} -> 2 | D11: =IFERROR(C11/$B11,0) -> 0.0625 | E11: {=IF(RIGHT($A11,2)="10",_xlfn.XLOOKUP("FIN"&$A11,[1]PROGRAMA!$A:$A&[1]PROGRAMA!$B:$B,[1]PROGRAMA!E:E,0),_xlfn.XLOOKUP("FIN"&$A11,[2]PROGRAMA!$A:$A&[2]PROGRAMA!$B:$B,[2]PROGRAMA!E:E,0))} -> 0 | F11: =IFERROR(E11/$B11,0) -> 0 | G11: =B11-C11 -> 30 | H11: =IFERROR(G11/$B11,0) -> 0.9375 | M11: 202210 | N11: {=IF(RIGHT($A11,2)="10",_xlfn.XLOOKUP("FIN"&$A11,'[1]PROGRAMA 123'!$A:$A&'[1]PROGRAMA 123'!$B:$B,'[1]PROGRAMA 123'!C:C,0),_xlfn.XLOOKUP("FIN"&$A11,'[2]PROGRAMA 123'!$A:$A&'[2]PROGRAMA 123'!$B:$B,'[2]PROGRAMA 123'!C:C,0))} -> 18 | O11: {=IF(RIGHT($A11,2)="10",_xlfn.XLOOKUP("FIN"&$A11,'[1]PROGRAMA 123'!$A:$A&'[1]PROGRAMA 123'!$B:$B,'[1]PROGRAMA 123'!D:D,0),_xlfn.XLOOKUP("FIN"&$A11,'[2]PROGRAMA 123'!$A:$A&'[2]PROGRAMA 123'!$B:$B,'[2]PROGRAMA 123'!D:D,0))} -> 1 | P11: =IFERROR(O11/$B11,0) -> 0.03125 | Q11: {=IF(RIGHT($A11,2)="10",_xlfn.XLOOKUP("FIN"&$A11,'[1]PROGRAMA 123'!$A:$A&'[1]PROGRAMA 123'!$B:$B,'[1]PROGRAMA 123'!E:E,0),_xlfn.XLOOKUP("FIN"&$A11,'[2]PROGRAMA 123'!$A:$A&'[2]PROGRAMA 123'!$B:$B,'[2]PROGRAMA 123'!E:E,0))} -> 0 | R11: =IFERROR(Q11/$B11,0) -> 0 | S11: =N11-O11 -> 17 | T11: =IFERROR(S11/$B11,0) -> 0.53125
A12: 202220 | B12: {=IF(RIGHT($A12,2)="10",_xlfn.XLOOKUP("FIN"&$A12,[1]PROGRAMA!$A:$A&[1]PROGRAMA!$B:$B,[1]PROGRAMA!C:C,0),_xlfn.XLOOKUP("FIN"&$A12,[2]PROGRAMA!$A:$A&[2]PROGRAMA!$B:$B,[2]PROGRAMA!C:C,0))} -> 19 | C12: {=IF(RIGHT($A12,2)="10",_xlfn.XLOOKUP("FIN"&$A12,[1]PROGRAMA!$A:$A&[1]PROGRAMA!$B:$B,[1]PROGRAMA!D:D,0),_xlfn.XLOOKUP("FIN"&$A12,[2]PROGRAMA!$A:$A&[2]PROGRAMA!$B:$B,[2]PROGRAMA!D:D,0))} -> 8 | D12: =IFERROR(C12/$B12,0) -> 0.42105263 | E12: {=IF(RIGHT($A12,2)="10",_xlfn.XLOOKUP("FIN"&$A12,[1]PROGRAMA!$A:$A&[1]PROGRAMA!$B:$B,[1]PROGRAMA!E:E,0),_xlfn.XLOOKUP("FIN"&$A12,[2]PROGRAMA!$A:$A&[2]PROGRAMA!$B:$B,[2]PROGRAMA!E:E,0))} -> 0 | F12: =IFERROR(E12/$B12,0) -> 0 | G12: =B12-C12 -> 11 | H12: =IFERROR(G12/$B12,0) -> 0.57894737 | M12: 202220 | N12: {=IF(RIGHT($A12,2)="10",_xlfn.XLOOKUP("FIN"&$A12,'[1]PROGRAMA 123'!$A:$A&'[1]PROGRAMA 123'!$B:$B,'[1]PROGRAMA 123'!C:C,0),_xlfn.XLOOKUP("FIN"&$A12,'[2]PROGRAMA 123'!$A:$A&'[2]PROGRAMA 123'!$B:$B,'[2]PROGRAMA 123'!C:C,0))} -> 9 | O12: {=IF(RIGHT($A12,2)="10",_xlfn.XLOOKUP("FIN"&$A12,'[1]PROGRAMA 123'!$A:$A&'[1]PROGRAMA 123'!$B:$B,'[1]PROGRAMA 123'!D:D,0),_xlfn.XLOOKUP("FIN"&$A12,'[2]PROGRAMA 123'!$A:$A&'[2]PROGRAMA 123'!$B:$B,'[2]PROGRAMA 123'!D:D,0))} -> 4 | P12: =IFERROR(O12/$B12,0) -> 0.21052632 | Q12: {=IF(RIGHT($A12,2)="10",_xlfn.XLOOKUP("FIN"&$A12,'[1]PROGRAMA 123'!$A:$A&'[1]PROGRAMA 123'!$B:$B,'[1]PROGRAMA 123'!E:E,0),_xlfn.XLOOKUP("FIN"&$A12,'[2]PROGRAMA 123'!$A:$A&'[2]PROGRAMA 123'!$B:$B,'[2]PROGRAMA 123'!E:E,0))} -> 0 | R12: =IFERROR(Q12/$B12,0) -> 0 | S12: =N12-O12 -> 5 | T12: =IFERROR(S12/$B12,0) -> 0.26315789
A13: 202310 | B13: 20 | C13: 3 | D13: =IFERROR(C13/$B13,0) -> 0.15 | E13: 0 | F13: =IFERROR(E13/$B13,0) -> 0 | G13: 17 | H13: =IFERROR(G13/$B13,0) -> 0.85 | M13: 202310 | N13: 12 | O13: 3 | P13: 0.25 | Q13: 0 | R13: 0 | S13: 9 | T13: 0.75
A15: Indicador institucional - 1d. Retiro temprano % de retiro de las cohortes con 3 semestres de estudio calculado en una ventana de 1 año | M15: Indicador institucional - 3b. Retiro temprano 1, 2 y 3 % de retiro de las cohortes con 3 semestres de estudio calculado en una ventana de 1 año
A16: 2014 122-131 | B16: 2015 132-141 | C16: 2016 142-151 | D16: 2017 152-161 | E16: 2018 162-171 | F16: 2019 172-181 | G16: *2020 182-191 | H16: 2021 192-201 | I16: 2022 202-211 | J16: ='1d. Retiro temprano.'!K30 -> 2023 212-221 | K16: ='1d. Retiro temprano.'!L30 -> 2024-1*** 222 | M16: 2014 122-131 | N16: 2015 132-141 | O16: 2016 142-151 | P16: 2017 152-161 | Q16: 2018 162-171 | R16: 2019 172-181 | S16: *2020 182-191 | T16: 2021 192-201 | U16: 2022 202-211 | V16: =J16 -> 2023 212-221 | W16: =K16 -> 2024-1*** 222
A17: - | B17: - | C17: - | D17: - | E17: - | F17: - | G17: =D5 -> 0.28571429 | H17: =((B6*D6)+(B7*D7))/(B6+B7) -> 0.11538462 | I17: =((B8*D8)+(B9*D9))/(B8+B9) -> 0.18518519 | J17: =(C10+C11)/(B10+B11) -> 0.10869565 | K17: =D12 -> 0.42105263 | M17: - | N17: - | O17: - | P17: - | Q17: - | R17: - | S17: =P5 -> 0.2 | T17: =((N6*P6)+(N7*P7))/(N6+N7) -> 0.090909091 | U17: =((N8*P8)+(N9*P9))/(N8+N9) -> 0.23076923 | V17: =(O10+O11)/(N10+N11) -> 0.125 | W17: =P12 -> 0.21052632
A18: * el dato del 2020 solo está promediando la cohorte 191 | M18: * el dato del 2020 solo está promediando la cohorte 191
A19: ** Para el periodo 2024-1 sólo se tomo el procentaje de 202220 que a esa fecha de medición cumple 3 semestres de estudio cursado y están en su cuarto semestre. | M19: ** Para el periodo 2024-1 sólo se tomo el procentaje de 202220 que a esa fecha de medición cumple 3 semestres de estudio cursado y están en su cuarto semestre.

Sheet FIDCA
A1: Fecha de corte: grados 2024-2. | L1: Fecha de corte: grados 2024-2.
A3: RETIRO TEMPRANO FIDCA | L3: RETIRO TEMPRANO FIDCA-ESTRATOS 1,2 Y 3
A4: Periodo de ingreso - Estudiante | B4: No. Estudiantes al periodo de ingreso | C4: No. Retirados al iniciar el 4to semestre | D4: % Retiro al iniciar el 4to semestre | E4: No. Graduados al iniciar el 4to semestre | F4: % Graduados al iniciar el 4to semestre | G4: Est. Activos al iniciar 4to semestre | H4: % Activos de estudiantes activos al iniciar 4to semestre | L4: Periodo de ingreso - Estudiante | M4: No. Estudiantes al periodo de ingreso | N4: No. Retirados al iniciar el 4to semestre | O4: % Retiro al iniciar el 4to semestre | P4: No. Graduados al iniciar el 4to semestre | Q4: % Graduados al iniciar el 4to semestre | R4: Est. Activos al iniciar 4to semestre | S4: % Activos de estudiantes activos al iniciar 4to semestre
A5: 202120 | B5: 189 | C5: 33 | D5: 0.17460317 | E5: 0 | F5: 0 | G5: 156 | H5: 0.82539683 | L5: 202120 | M5: 92 | N5: 14 | O5: 0.15217391 | P5: 0 | Q5: 0 | R5: 78 | S5: 0.84782609
A6: 202210 | B6: =IF(RIGHT($A6,2)="10",_xlfn.XLOOKUP($A6,[1]FIDCA!$B:$B,[1]FIDCA!C:C,0),_xlfn.XLOOKUP($A6,[2]FIDCA!$K:$K,[2]FIDCA!L:L,0)) -> 306 | C6: =IF(RIGHT($A6,2)="10",_xlfn.XLOOKUP($A6,[1]FIDCA!$B:$B,[1]FIDCA!D:D,0),_xlfn.XLOOKUP($A6,[2]FIDCA!$K:$K,[2]FIDCA!M:M,0)) -> 56 | D6: =IFERROR(C6/$B6,0) -> 0.18300654 | E6: =IF(RIGHT($A6,2)="10",_xlfn.XLOOKUP($A6,[1]FIDCA!$B:$B,[1]FIDCA!F:F,0),_xlfn.XLOOKUP($A6,[2]FIDCA!$K:$K,[2]FIDCA!O:O,0)) -> 0 | F6: =E6/B6 -> 0 | G6: =B6-C6 -> 250 | H6: =IFERROR(G6/$B6,0) -> 0.81699346 | L6: 202210 | M6: =IF(RIGHT($A6,2)="10",_xlfn.XLOOKUP($A6,'[1]FCAE 123'!$B:$B,'[1]FCAE 123'!C:C,0),_xlfn.XLOOKUP($A6,'[2]FCAE 123'!$K:$K,'[2]FCAE 123'!L:L,0)) -> 159 | N6: =IF(RIGHT($A6,2)="10",_xlfn.XLOOKUP($A6,'[1]FCAE 123'!$B:$B,'[1]FCAE 123'!D:D,0),_xlfn.XLOOKUP($A6,'[2]FCAE 123'!$K:$K,'[2]FCAE 123'!M:M,0)) -> 24 | O6: =IFERROR(N6/$M6,0) -> 0.1509434 | P6: =IF(RIGHT($A6,2)="10",_xlfn.XLOOKUP($A6,'[1]FCAE 123'!$B:$B,'[1]FCAE 123'!F:F,0),_xlfn.XLOOKUP($A6,'[2]FCAE 123'!$K:$K,'[2]FCAE 123'!O:O,0)) -> 0 | Q6: =IFERROR(P6/$M6,0) -> 0 | R6: =M6-N6 -> 135 | S6: =IFERROR(R6/$M6,0) -> 0.8490566
A7: 202220 | B7: =IF(RIGHT($A7,2)="10",_xlfn.XLOOKUP($A7,[1]FIDCA!$B:$B,[1]FIDCA!C:C,0),_xlfn.XLOOKUP($A7,[2]FIDCA!$K:$K,[2]FIDCA!L:L,0)) -> 258 | C7: =IF(RIGHT($A7,2)="10",_xlfn.XLOOKUP($A7,[1]FIDCA!$B:$B,[1]FIDCA!D:D,0),_xlfn.XLOOKUP($A7,[2]FIDCA!$K:$K,[2]FIDCA!M:M,0)) -> 55 | D7: =IFERROR(C7/$B7,0) -> 0.21317829 | E7: =IF(RIGHT($A7,2)="10",_xlfn.XLOOKUP($A7,[1]FIDCA!$B:$B,[1]FIDCA!F:F,0),_xlfn.XLOOKUP($A7,[2]FIDCA!$K:$K,[2]FIDCA!O:O,0)) -> 0 | F7: =E7/B7 -> 0 | G7: =B7-C7 -> 203 | H7: =IFERROR(G7/$B7,0) -> 0.78682171 | L7: 202220 | M7: =IF(RIGHT($A7,2)="10",_xlfn.XLOOKUP($A7,'[1]FCAE 123'!$B:$B,'[1]FCAE 123'!C:C,0),_xlfn.XLOOKUP($A7,'[2]FCAE 123'!$K:$K,'[2]FCAE 123'!L:L,0)) -> 97 | N7: =IF(RIGHT($A7,2)="10",_xlfn.XLOOKUP($A7,'[1]FCAE 123'!$B:$B,'[1]FCAE 123'!D:D,0),_xlfn.XLOOKUP($A7,'[2]FCAE 123'!$K:$K,'[2]FCAE 123'!M:M,0)) -> 20 | O7: =IFERROR(N7/$M7,0) -> 0.20618557 | P7: =IF(RIGHT($A7,2)="10",_xlfn.XLOOKUP($A7,'[1]FCAE 123'!$B:$B,'[1]FCAE 123'!F:F,0),_xlfn.XLOOKUP($A7,'[2]FCAE 123'!$K:$K,'[2]FCAE 123'!O:O,0)) -> 0 | Q7: =IFERROR(P7/$M7,0) -> 0 | R7: =M7-N7 -> 77 | S7: =IFERROR(R7/$M7,0) -> 0.79381443
A8: 202310 | B8: 268 | C8: 56 | D8: =C8/B8 -> 0.20895522 | E8: 0 | F8: =E8/B8 -> 0 | G8: 212 | H8: =(B8-C8-E8)/B8 -> 0.79104478 | L8: 202310 | M8: 201 | N8: 39 | O8: =N8/M8 -> 0.19402985 | P8: 0 | Q8: =P8/M8 -> 0 | R8: 162 | S8: =(M8-N8-P8)/M8 -> 0.80597015
A10: Indicador institucional - 1d. Retiro temprano % de retiro de las cohortes con 3 semestres de estudio calculado en una ventana de 1 año | L10: Indicador institucional - 3b. Retiro temprano 1, 2 y 3 % de retiro de las cohortes con 3 semestres de estudio calculado en una ventana de 1 año
A11: ='1d. Retiro temprano.'!K30 -> 2023 212-221 | B11: ='1d. Retiro temprano.'!L30 -> 2024-1*** 222 | L11: =A11 -> 2023 212-221 | M11: =B11 -> 2024-1*** 222
A12: =(C5+C6)/(B5+B6) -> 0.17979798 | B12: =D7 -> 0.21317829 | L12: =(N5+N6)/(M5+M6) -> 0.15139442 | M12: =O7 -> 0.20618557
A14: ** Para el periodo 2024-1 sólo se tomo el procentaje de 202220 que a esa fecha de medición cumple 3 semestres de estudio cursado y están en su cuarto semestre. | L14: ** Para el periodo 2024-1 sólo se tomo el procentaje de 202220 que a esa fecha de medición cumple 3 semestres de estudio cursado y están en su cuarto semestre.

Sheet IND
A1: Fecha de corte: grados 2024-2. | M1: Fecha de corte: grados 2024-2.
A3: RETIRO TEMPRANO IND | M3: RETIRO TEMPRANO IND-ESTRATOS 1, 2 Y 3
A4: Periodo de ingreso - Estudiante | B4: No. Estudiantes al periodo de ingreso | C4: No. Retirados al iniciar el 4to semestre | D4: % Retiro al iniciar el 4to semestre | E4: No. Graduados al iniciar el 4to semestre | F4: % Graduados al iniciar el 4to semestre | G4: Est. Activos al iniciar 4to semestre | H4: % Activos de estudiantes activos al iniciar 4to semestre | M4: Periodo de ingreso - Estudiante | N4: No. Estudiantes | O4: No. Retirados | P4: % Retiro | Q4: No. Graduados | R4: % Graduados | S4: Est. Activos | T4: % Activos
A5: 201310 | B5: 59 | C5: 23 | D5: 0.38983051 | E5: 0 | F5: 0 | G5: 36 | H5: 0.61016949 | M5: 201310 | N5: 41 | O5: 15 | P5: 0.36585366 | Q5: 0 | R5: 0 | S5: 26 | T5: 0.63414634
A6: 201320 | B6: 60 | C6: 18 | D6: 0.3 | E6: 0 | F6: 0 | G6: 42 | H6: 0.7 | M6: 201320 | N6: 34 | O6: 10 | P6: 0.29411765 | Q6: 0 | R6: 0 | S6: 24 | T6: 0.70588235
A7: 201410 | B7: 55 | C7: 20 | D7: 0.364 | E7: 0 | F7: 0 | G7: 35 | H7: 0.636 | M7: 201410 | N7: 40 | O7: 14 | P7: 0.35 | Q7: 0 | R7: 0 | S7: 26 | T7: 0.65
A8: 201420 | B8: 76 | C8: 25 | D8: 0.329 | E8: 0 | F8: 0 | G8: 51 | H8: 0.671 | M8: 201420 | N8: 35 | O8: 11 | P8: 0.314 | Q8: 0 | R8: 0 | S8: 24 | T8: 0.686
A9: 201510 | B9: 105 | C9: 27 | D9: 0.257 | E9: 0 | F9: 0 | G9: 78 | H9: 0.743 | M9: 201510 | N9: 98 | O9: 25 | P9: 0.255 | Q9: 0 | R9: 0 | S9: 73 | T9: 0.745
A10: 201520 | B10: 50 | C10: 12 | D10: 0.24 | E10: 0 | F10: 0 | G10: 38 | H10: 0.76 | M10: 201520 | N10: 24 | O10: 8 | P10: 0.33333333 | Q10: 0 | R10: 0 | S10: 16 | T10: 0.66666667
A11: 201610 | B11: 132 | C11: 29 | D11: 0.21969697 | E11: 0 | F11: 0 | G11: 103 | H11: 0.78030303 | M11: 201610 | N11: 117 | O11: 24 | P11: 0.20512821 | Q11: 0 | R11: 0 | S11: 93 | T11: 0.79487179
A12: 201620 | B12: 72 | C12: 15 | D12: 0.20833333 | E12: 0 | F12: 0 | G12: 57 | H12: 0.79166667 | M12: 201620 | N12: 27 | O12: 2 | P12: 0.074074074 | Q12: 0 | R12: 0 | S12: 25 | T12: 0.92592593
A13: 201710 | B13: 71 | C13: 10 | D13: 0.14084507 | E13: 0 | F13: 0 | G13: 61 | H13: 0.85915493 | M13: 201710 | N13: 62 | O13: 9 | P13: 0.14516129 | Q13: 0 | R13: 0 | S13: 53 | T13: 0.85483871
A14: 201720 | B14: 51 | C14: 12 | D14: 0.23529412 | E14: 0 | F14: 0 | G14: 39 | H14: 0.76470588 | M14: 201720 | N14: 20 | O14: 5 | P14: 0.25 | Q14: 0 | R14: 0 | S14: 15 | T14: 0.75
A15: 201810 | B15: 41 | C15: 6 | D15: 0.14634146 | E15: 0 | F15: 0 | G15: 35 | H15: 0.85365854 | M15: 201810 | N15: 31 | O15: 1 | P15: 0.032258065 | Q15: 0 | R15: 0 | S15: 30 | T15: 0.96774194
A16: 201820 | B16: 61 | C16: 10 | D16: 0.16393443 | E16: 0 | F16: 0 | G16: 51 | H16: 0.83606557 | M16: 201820 | N16: 24 | O16: 2 | P16: 0.083333333 | Q16: 0 | R16: 0 | S16: 22 | T16: 0.91666667
... A22: 202120 | B22: 20 | C22: 3 | D22: 0.15 | E22: 0 | F22: 0 | G22: 17 | H22: 0.85 | M22: 202120 | N22: 11 | O22: 3 | P22: 0.27272727 | Q22: 0 | R22: 0 | S22: 8 | T22: 0.72727273
A23: 202210 | B23: {=IF(RIGHT($A23,2)="10",_xlfn.XLOOKUP("IND"&$A23,[1]PROGRAMA!$A:$A&[1]PROGRAMA!$B:$B,[1]PROGRAMA!C:C,0),_xlfn.XLOOKUP("IND"&$A23,[2]PROGRAMA!$A:$A&[2]PROGRAMA!$B:$B,[2]PROGRAMA!C:C,0))} -> 28 | C23: {=IF(RIGHT($A23,2)="10",_xlfn.XLOOKUP("IND"&$A23,[1]PROGRAMA!$A:$A&[1]PROGRAMA!$B:$B,[1]PROGRAMA!D:D,0),_xlfn.XLOOKUP("IND"&$A23,[2]PROGRAMA!$A:$A&[2]PROGRAMA!$B:$B,[2]PROGRAMA!D:D,0))} -> 4 | D23: =IFERROR(C23/$B23,0) -> 0.14285714 | E23: {=IF(RIGHT($A23,2)="10",_xlfn.XLOOKUP("IND"&$A23,[1]PROGRAMA!$A:$A&[1]PROGRAMA!$B:$B,[1]PROGRAMA!E:E,0),_xlfn.XLOOKUP("IND"&$A23,[2]PROGRAMA!$A:$A&[2]PROGRAMA!$B:$B,[2]PROGRAMA!E:E,0))} -> 0 | F23: =IFERROR(E23/$B23,0) -> 0 | G23: =B23-C23 -> 24 | H23: =IFERROR(G23/$B23,0) -> 0.85714286 | M23: 202210 | N23: {=IF(RIGHT($A23,2)="10",_xlfn.XLOOKUP("IND"&$A23,'[1]PROGRAMA 123'!$A:$A&'[1]PROGRAMA 123'!$B:$B,'[1]PROGRAMA 123'!C:C,0),_xlfn.XLOOKUP("IND"&$A23,'[2]PROGRAMA 123'!$A:$A&'[2]PROGRAMA 123'!$B:$B,'[2]PROGRAMA 123'!C:C,0))} -> 17 | O23: {=IF(RIGHT($A23,2)="10",_xlfn.XLOOKUP("IND"&$A23,'[1]PROGRAMA 123'!$A:$A&'[1]PROGRAMA 123'!$B:$B,'[1]PROGRAMA 123'!D:D,0),_xlfn.XLOOKUP("IND"&$A23,'[2]PROGRAMA 123'!$A:$A&'[2]PROGRAMA 123'!$B:$B,'[2]PROGRAMA 123'!D:D,0))} -> 1 | P23: =IFERROR(O23/$N23,0) -> 0.058823529 | Q23: {=IF(RIGHT($A23,2)="10",_xlfn.XLOOKUP("IND"&$A23,'[1]PROGRAMA 123'!$A:$A&'[1]PROGRAMA 123'!$B:$B,'[1]PROGRAMA 123'!E:E,0),_xlfn.XLOOKUP("IND"&$A23,'[2]PROGRAMA 123'!$A:$A&'[2]PROGRAMA 123'!$B:$B,'[2]PROGRAMA 123'!E:E,0))} -> 0 | R23: =IFERROR(Q23/$N23,0) -> 0 | S23: =N23-O23 -> 16 | T23: =IFERROR(S23/$N23,0) -> 0.94117647
A24: 202220 | B24: {=IF(RIGHT($A24,2)="10",_xlfn.XLOOKUP("IND"&$A24,[1]PROGRAMA!$A:$A&[1]PROGRAMA!$B:$B,[1]PROGRAMA!C:C,0),_xlfn.XLOOKUP("IND"&$A24,[2]PROGRAMA!$A:$A&[2]PROGRAMA!$B:$B,[2]PROGRAMA!C:C,0))} -> 29 | C24: {=IF(RIGHT($A24,2)="10",_xlfn.XLOOKUP("IND"&$A24,[1]PROGRAMA!$A:$A&[1]PROGRAMA!$B:$B,[1]PROGRAMA!D:D,0),_xlfn.XLOOKUP("IND"&$A24,[2]PROGRAMA!$A:$A&[2]PROGRAMA!$B:$B,[2]PROGRAMA!D:D,0))} -> 6 | D24: =IFERROR(C24/$B24,0) -> 0.20689655 | E24: {=IF(RIGHT($A24,2)="10",_xlfn.XLOOKUP("IND"&$A24,[1]PROGRAMA!$A:$A&[1]PROGRAMA!$B:$B,[1]PROGRAMA!E:E,0),_xlfn.XLOOKUP("IND"&$A24,[2]PROGRAMA!$A:$A&[2]PROGRAMA!$B:$B,[2]PROGRAMA!E:E,0))} -> 0 | F24: =IFERROR(E24/$B24,0) -> 0 | G24: =B24-C24 -> 23 | H24: =IFERROR(G24/$B24,0) -> 0.79310345 | M24: 202220 | N24: {=IF(RIGHT($A24,2)="10",_xlfn.XLOOKUP("IND"&$A24,'[1]PROGRAMA 123'!$A:$A&'[1]PROGRAMA 123'!$B:$B,'[1]PROGRAMA 123'!C:C,0),_xlfn.XLOOKUP("IND"&$A24,'[2]PROGRAMA 123'!$A:$A&'[2]PROGRAMA 123'!$B:$B,'[2]PROGRAMA 123'!C:C,0))} -> 14 | O24: {=IF(RIGHT($A24,2)="10",_xlfn.XLOOKUP("IND"&$A24,'[1]PROGRAMA 123'!$A:$A&'[1]PROGRAMA 123'!$B:$B,'[1]PROGRAMA 123'!D:D,0),_xlfn.XLOOKUP("IND"&$A24,'[2]PROGRAMA 123'!$A:$A&'[2]PROGRAMA 123'!$B:$B,'[2]PROGRAMA 123'!D:D,0))} -> 4 | P24: =IFERROR(O24/$N24,0) -> 0.28571429 | Q24: {=IF(RIGHT($A24,2)="10",_xlfn.XLOOKUP("IND"&$A24,'[1]PROGRAMA 123'!$A:$A&'[1]PROGRAMA 123'!$B:$B,'[1]PROGRAMA 123'!E:E,0),_xlfn.XLOOKUP("IND"&$A24,'[2]PROGRAMA 123'!$A:$A&'[2]PROGRAMA 123'!$B:$B,'[2]PROGRAMA 123'!E:E,0))} -> 0 | R24: =IFERROR(Q24/$N24,0) -> 0 | S24: =N24-O24 -> 10 | T24: =IFERROR(S24/$N24,0) -> 0.71428571
A25: 202310 | B25: 31 | C25: 4 | D25: =IFERROR(C25/$B25,0) -> 0.12903226 | E25: 0 | F25: 0 | G25: 27 | H25: =IFERROR(G25/$B25,0) -> 0.87096774 | M25: 202310 | N25: 21 | O25: 2 | P25: =IFERROR(O25/$N25,0) -> 0.095238095 | Q25: 0 | R25: 0 | S25: 19 | T25: =IFERROR(S25/$N25,0) -> 0.9047619
A27: Indicador institucional - 1d. Retiro temprano % de retiro de las cohortes con 3 semestres de estudio calculado en una ventana de 1 año | M27: Indicador institucional - 3b. Retiro temprano 1, 2 y 3 % de retiro de las cohortes con 3 semestres de estudio calculado en una ventana de 1 año
A28: *2014 122-131 | B28: 2015 132-141 | C28: 2016 142-151 | D28: 2017 152-161 | E28: 2018 162-171 | F28: 2019 172-181 | G28: **2020 182-191 | H28: 2021 192-201 | I28: 2022 202-211 | J28: ='1d. Retiro temprano.'!K30 -> 2023 212-221 | K28: ='1d. Retiro temprano.'!L30 -> 2024-1*** 222 | M28: **2014 122-131 | N28: 2015 132-141 | O28: 2016 142-151 | P28: 2017 152-161 | Q28: 2018 162-171 | R28: 2019 172-181 | S28: 2020 182-191 | T28: 2021 192-201 | U28: 2022 202-211 | V28: =J28 -> 2023 212-221 | W28: =K28 -> 2024-1*** 222
A29: =D5 -> 0.38983051 | B29: =+((B6*D6)+(B7*D7))/(B6+B7) -> 0.3306087 | C29: =((B8*D8)+(B9*D9))/(B8+B9) -> 0.28723204 | D29: =+((B10*D10)+(B11*D11))/(B10+B11) -> 0.22527473 | E29: =((B12*D12)+(B13*D13))/(B12+B13) -> 0.17482517 | F29: =((B14*D14)+(B15*D15))/(B14+B15) -> 0.19565217 | G29: =((B16*D16)+(B17*D17))/(B16+B17) -> 0.17241379 | H29: =((B18*D18)+(B19*D19))/(B18+B19) -> 0.071428571 | I29: =((B20*D20)+(B21*D21))/(B20+B21) -> 0.11363636 | J29: =(C22+C23)/(B22+B23) -> 0.14583333 | K29: =D24 -> 0.20689655 | M29: =P5 -> 0.36585366 | N29: =+((N6*P6)+(N7*P7))/(N6+N7) -> 0.32432432 | O29: =((N8*P8)+(N9*P9))/(N8+N9) -> 0.27052632 | P29: =+((N10*P10)+(N11*P11))/(N10+N11) -> 0.22695035 | Q29: =((N12*P12)+(N13*P13))/(N12+N13) -> 0.12359551 | R29: =((N14*P14)+(N15*P15))/(N14+N15) -> 0.11764706 | S29: =((N16*P16)+(N17*P17))/(N16+N17) -> 0.17073171 | T29: =((N18*P18)+(N19*P19))/(N18+N19) -> 0.037037037 | U29: =((N20*P20)+(N21*P21))/(N20+N21) -> 0.16666667 | V29: =(O22+O23)/(N22+N23) -> 0.14285714 | W29: =P24 -> 0.28571429
A30: * para el año 2014 solo se tomó el porcentaje de retiro del periodo 131 porque no se contaba con el porcentaje del periodo 122 | M30: * para el año 2014 solo se tomó el porcentaje de retiro del periodo 131 porque no se contaba con el porcentaje del periodo 122
A31: ** Para el periodo 2024-1 sólo se tomo el procentaje de 202220 que a esa fecha de medición cumple 3 semestres de estudio cursado y están en su cuarto semestre. | M31: ** Para el periodo 2024-1 sólo se tomo el procentaje de 202220 que a esa fecha de medición cumple 3 semestres de estudio cursado y están en su cuarto semestre.

Sheet SIS
A1: Fecha de corte: grados 2024-2. | M1: Fecha de corte: grados 2024-2.
A3: RETIRO TEMPRANO SIS | M3: RETIRO TEMPRANO IND-ESTRATOS 1, 2 Y 3
A4: Periodo de ingreso - Estudiante | B4: No. Estudiantes | C4: No. Retirados | D4: % Retiro Temprano SIS | E4: No. Graduados | F4: % Graduados | G4: Est. Activos | H4: % Activos | M4: Periodo de ingreso - Estudiante | N4: No. Estudiantes | O4: No. Retirados | P4: % Retiro Temprano | Q4: No. Graduados | R4: % Graduados | S4: Est. Activos | T4: % Activos
A5: 201310 | B5: 16 | C5: 1 | D5: 0.0625 | E5: 0 | F5: 0 | G5: 15 | H5: 0.9375 | M5: 201310 | N5: 15 | O5: 1 | P5: 0.066666667 | Q5: 0 | R5: 0 | S5: 14 | T5: 0.93333333
A6: 201320 | B6: 20 | C6: 6 | D6: 0.3 | E6: 0 | F6: 0 | G6: 14 | H6: 0.7 | M6: 201320 | N6: 9 | O6: 4 | P6: 0.44444444 | Q6: 0 | R6: 0 | S6: 5 | T6: 0.55555556
A7: 201410 | B7: 19 | C7: 8 | D7: 0.421 | E7: 0 | F7: 0 | G7: 11 | H7: 0.579 | M7: 201410 | N7: 14 | O7: 5 | P7: 0.357 | Q7: 0 | R7: 0 | S7: 9 | T7: 0.643
A8: 201420 | B8: 24 | C8: 10 | D8: 0.417 | E8: 0 | F8: 0 | G8: 14 | H8: 0.583 | M8: 201420 | N8: 17 | O8: 6 | P8: 0.353 | Q8: 0 | R8: 0 | S8: 11 | T8: 0.647
A9: 201510 | B9: 40 | C9: 17 | D9: 0.425 | E9: 0 | F9: 0 | G9: 23 | H9: 0.575 | M9: 201510 | N9: 35 | O9: 15 | P9: 0.429 | Q9: 0 | R9: 0 | S9: 20 | T9: 0.571
A10: 201520 | B10: 26 | C10: 7 | D10: 0.26923077 | E10: 0 | F10: 0 | G10: 19 | H10: 0.73076923 | M10: 201520 | N10: 13 | O10: 2 | P10: 0.15384615 | Q10: 0 | R10: 0 | S10: 11 | T10: 0.84615385
A11: 201610 | B11: 61 | C11: 21 | D11: 0.3442623 | E11: 0 | F11: 0 | G11: 40 | H11: 0.6557377 | M11: 201610 | N11: 54 | O11: 19 | P11: 0.35185185 | Q11: 0 | R11: 0 | S11: 35 | T11: 0.64814815
A12: 201620 | B12: 55 | C12: 13 | D12: 0.23636364 | E12: 0 | F12: 0 | G12: 42 | H12: 0.76363636 | M12: 201620 | N12: 34 | O12: 8 | P12: 0.23529412 | Q12: 0 | R12: 0 | S12: 26 | T12: 0.76470588
A13: 201710 | B13: 76 | C13: 15 | D13: 0.19736842 | E13: 0 | F13: 0 | G13: 61 | H13: 0.80263158 | M13: 201710 | N13: 66 | O13: 12 | P13: 0.18181818 | Q13: 0 | R13: 0 | S13: 54 | T13: 0.81818182
A14: 201720 | B14: 23 | C14: 5 | D14: 0.2173913 | E14: 0 | F14: 0 | G14: 18 | H14: 0.7826087 | M14: 201720 | N14: 12 | O14: 2 | P14: 0.16666667 | Q14: 0 | R14: 0 | S14: 10 | T14: 0.83333333
A15: 201810 | B15: 38 | C15: 13 | D15: 0.34210526 | E15: 0 | F15: 0 | G15: 25 | H15: 0.65789474 | M15: 201810 | N15: 33 | O15: 10 | P15: 0.3030303 | Q15: 0 | R15: 0 | S15: 23 | T15: 0.6969697
A16: 201820 | B16: 34 | C16: 6 | D16: 0.17647059 | E16: 0 | F16: 0 | G16: 28 | H16: 0.82352941 | M16: 201820 | N16: 19 | O16: 5 | P16: 0.26315789 | Q16: 0 | R16: 0 | S16: 14 | T16: 0.73684211
... A22: 202120 | B22: 49 | C22: 12 | D22: 0.24489796 | E22: 0 | F22: 0 | G22: 37 | H22: 0.75510204 | M22: 202120 | N22: 25 | O22: 4 | P22: 0.16 | Q22: 0 | R22: 0 | S22: 21 | T22: 0.84
A23: 202210 | B23: {=IF(RIGHT($A23,2)="10",_xlfn.XLOOKUP("SIS"&$A23,[1]PROGRAMA!$A:$A&[1]PROGRAMA!$B:$B,[1]PROGRAMA!C:C,0),_xlfn.XLOOKUP("SIS"&$A23,[2]PROGRAMA!$A:$A&[2]PROGRAMA!$B:$B,[2]PROGRAMA!C:C,0))} -> 73 | C23: {=IF(RIGHT($A23,2)="10",_xlfn.XLOOKUP("SIS"&$A23,[1]PROGRAMA!$A:$A&[1]PROGRAMA!$B:$B,[1]PROGRAMA!D:D,0),_xlfn.XLOOKUP("SIS"&$A23,[2]PROGRAMA!$A:$A&[2]PROGRAMA!$B:$B,[2]PROGRAMA!D:D,0))} -> 11 | D23: =IFERROR(C23/$B23,0) -> 0.15068493 | E23: {=IF(RIGHT($A23,2)="10",_xlfn.XLOOKUP("SIS"&$A23,[1]PROGRAMA!$A:$A&[1]PROGRAMA!$B:$B,[1]PROGRAMA!E:E,0),_xlfn.XLOOKUP("SIS"&$A23,[2]PROGRAMA!$A:$A&[2]PROGRAMA!$B:$B,[2]PROGRAMA!E:E,0))} -> 0 | F23: =IFERROR(E23/$B23,0) -> 0 | G23: =B23-C23 -> 62 | H23: =IFERROR(G23/$B23,0) -> 0.84931507 | M23: 202210 | N23: {=IF(RIGHT($A23,2)="10",_xlfn.XLOOKUP("SIS"&$A23,'[1]PROGRAMA 123'!$A:$A&'[1]PROGRAMA 123'!$B:$B,'[1]PROGRAMA 123'!C:C,0),_xlfn.XLOOKUP("SIS"&$A23,'[2]PROGRAMA 123'!$A:$A&'[2]PROGRAMA 123'!$B:$B,'[2]PROGRAMA 123'!C:C,0))} -> 58 | O23: {=IF(RIGHT($A23,2)="10",_xlfn.XLOOKUP("SIS"&$A23,'[1]PROGRAMA 123'!$A:$A&'[1]PROGRAMA 123'!$B:$B,'[1]PROGRAMA 123'!D:D,0),_xlfn.XLOOKUP("SIS"&$A23,'[2]PROGRAMA 123'!$A:$A&'[2]PROGRAMA 123'!$B:$B,'[2]PROGRAMA 123'!D:D,0))} -> 6 | P23: =IFERROR(O23/$N23,0) -> 0.10344828 | Q23: {=IF(RIGHT($A23,2)="10",_xlfn.XLOOKUP("SIS"&$A23,'[1]PROGRAMA 123'!$A:$A&'[1]PROGRAMA 123'!$B:$B,'[1]PROGRAMA 123'!E:E,0),_xlfn.XLOOKUP("SIS"&$A23,'[2]PROGRAMA 123'!$A:$A&'[2]PROGRAMA 123'!$B:$B,'[2]PROGRAMA 123'!E:E,0))} -> 0 | R23: =IFERROR(Q23/$N23,0) -> 0 | S23: =N23-O23 -> 52 | T23: =IFERROR(S23/$N23,0) -> 0.89655172
A24: 202220 | B24: {=IF(RIGHT($A24,2)="10",_xlfn.XLOOKUP("SIS"&$A24,[1]PROGRAMA!$A:$A&[1]PROGRAMA!$B:$B,[1]PROGRAMA!C:C,0),_xlfn.XLOOKUP("SIS"&$A24,[2]PROGRAMA!$A:$A&[2]PROGRAMA!$B:$B,[2]PROGRAMA!C:C,0))} -> 77 | C24: {=IF(RIGHT($A24,2)="10",_xlfn.XLOOKUP("SIS"&$A24,[1]PROGRAMA!$A:$A&[1]PROGRAMA!$B:$B,[1]PROGRAMA!D:D,0),_xlfn.XLOOKUP("SIS"&$A24,[2]PROGRAMA!$A:$A&[2]PROGRAMA!$B:$B,[2]PROGRAMA!D:D,0))} -> 12 | D24: =IFERROR(C24/$B24,0) -> 0.15584416 | E24: {=IF(RIGHT($A24,2)="10",_xlfn.XLOOKUP("SIS"&$A24,[1]PROGRAMA!$A:$A&[1]PROGRAMA!$B:$B,[1]PROGRAMA!E:E,0),_xlfn.XLOOKUP("SIS"&$A24,[2]PROGRAMA!$A:$A&[2]PROGRAMA!$B:$B,[2]PROGRAMA!E:E,0))} -> 0 | F24: =IFERROR(E24/$B24,0) -> 0 | G24: =B24-C24 -> 65 | H24: =IFERROR(G24/$B24,0) -> 0.84415584 | M24: 202220 | N24: {=IF(RIGHT($A24,2)="10",_xlfn.XLOOKUP("SIS"&$A24,'[1]PROGRAMA 123'!$A:$A&'[1]PROGRAMA 123'!$B:$B,'[1]PROGRAMA 123'!C:C,0),_xlfn.XLOOKUP("SIS"&$A24,'[2]PROGRAMA 123'!$A:$A&'[2]PROGRAMA 123'!$B:$B,'[2]PROGRAMA 123'!C:C,0))} -> 46 | O24: {=IF(RIGHT($A24,2)="10",_xlfn.XLOOKUP("SIS"&$A24,'[1]PROGRAMA 123'!$A:$A&'[1]PROGRAMA 123'!$B:$B,'[1]PROGRAMA 123'!D:D,0),_xlfn.XLOOKUP("SIS"&$A24,'[2]PROGRAMA 123'!$A:$A&'[2]PROGRAMA 123'!$B:$B,'[2]PROGRAMA 123'!D:D,0))} -> 4 | P24: =IFERROR(O24/$N24,0) -> 0.086956522 | Q24: {=IF(RIGHT($A24,2)="10",_xlfn.XLOOKUP("SIS"&$A24,'[1]PROGRAMA 123'!$A:$A&'[1]PROGRAMA 123'!$B:$B,'[1]PROGRAMA 123'!E:E,0),_xlfn.XLOOKUP("SIS"&$A24,'[2]PROGRAMA 123'!$A:$A&'[2]PROGRAMA 123'!$B:$B,'[2]PROGRAMA 123'!E:E,0))} -> 0 | R24: =IFERROR(Q24/$N24,0) -> 0 | S24: =N24-O24 -> 42 | T24: =IFERROR(S24/$N24,0) -> 0.91304348
A25: 202310 | B25: 75 | C25: 18 | D25: 0.24 | E25: 0 | F25: 0 | G25: 57 | H25: 0.76 | M25: 202310 | N25: 60 | O25: 15 | P25: 0.25 | Q25: 0 | R25: 0 | S25: 45 | T25: 0.75
B26: =SUM(B5:B25) -> 888 | C26: =SUM(C5:C25) -> 205 | D26: =C26/B26 -> 0.23085586 | I26: =D26/'1d. Retiro temprano.'!E27-1 -> 0.31929389
A27: Indicador institucional - 1d. Retiro temprano % de retiro de las cohortes con 3 semestres de estudio calculado en una ventana de 1 año | M27: Indicador institucional - 3b. Retiro temprano 1, 2 y 3 % de retiro de las cohortes con 3 semestres de estudio calculado en una ventana de 1 año
A28: *2014 122-131 | B28: 2015 132-141 | C28: 2016 142-151 | D28: 2017 152-161 | E28: 2018 162-171 | F28: 2019 172-181 | G28: 2020 182-191 | H28: 2021 192-201 | I28: 2022 202-211 | J28: ='1d. Retiro temprano.'!K30 -> 2023 212-221 | K28: ='1d. Retiro temprano.'!L30 -> 2024-1*** 222 | M28: **2014 122-131 | N28: 2015 132-141 | O28: 2016 142-151 | P28: 2017 152-161 | Q28: 2018 162-171 | R28: 2019 172-181 | S28: 2020 182-191 | T28: 2021 192-201 | U28: 2022 202-211 | V28: =J28 -> 2023 212-221 | W28: =K28 -> 2024-1*** 222
A29: =D5 -> 0.0625 | B29: =+((B6*D6)+(B7*D7))/(B6+B7) -> 0.35894872 | C29: =((B8*D8)+(B9*D9))/(B8+B9) -> 0.422 | D29: =+((B10*D10)+(B11*D11))/(B10+B11) -> 0.32183908 | E29: =((B12*D12)+(B13*D13))/(B12+B13) -> 0.21374046 | F29: =((B14*D14)+(B15*D15))/(B14+B15) -> 0.29508197 | G29: =((B16*D16)+(B17*D17))/(B16+B17) -> 0.2 | H29: =((B18*D18)+(B19*D19))/(B18+B19) -> 0.1625 | I29: =((B20*D20)+(B21*D21))/(B20+B21) -> 0.14473684 | J29: =(C22+C23)/(B22+B23) -> 0.18852459 | K29: =D24 -> 0.15584416 | M29: =P5 -> 0.066666667 | N29: =+((N6*P6)+(N7*P7))/(N6+N7) -> 0.39121739 | O29: =((N8*P8)+(N9*P9))/(N8+N9) -> 0.40415385 | P29: =+((N10*P10)+(N11*P11))/(N10+N11) -> 0.31343284 | Q29: =((N12*P12)+(N13*P13))/(N12+N13) -> 0.2 | R29: =((N14*P14)+(N15*P15))/(N14+N15) -> 0.26666667 | S29: =((N16*P16)+(N17*P17))/(N16+N17) -> 0.225 | T29: =((N18*P18)+(N19*P19))/(N18+N19) -> 0.15254237 | U29: =((N20*P20)+(N21*P21))/(N20+N21) -> 0.097560976 | V29: =(O22+O23)/(N22+N23) -> 0.12048193 | W29: =P24 -> 0.086956522
A30: * para el año 2014 solo se tomó el porcentaje de retiro del periodo 131 porque no se contaba con el porcentaje del periodo 122 | M30: * para el año 2014 solo se tomó el porcentaje de retiro del periodo 131 porque no se contaba con el porcentaje del periodo 122
A31: ** Para el periodo 2024-1 sólo se tomo el procentaje de 202220 que a esa fecha de medición cumple 3 semestres de estudio cursado y están en su cuarto semestre. | M31: ** Para el periodo 2024-1 sólo se tomo el procentaje de 202220 que a esa fecha de medición cumple 3 semestres de estudio cursado y están en su cuarto semestre.
J33: Interpretación:
J34: De acuerdo con la Política institucional de permanencia y graduación estudiantil de la Universidad Icesi, deserción estudiantil se refiere a la suspensión de la trayectoria académica del estudiante. Ahora bien, si esta suspensión ocurre durante los primeros tres periodos académicos, se clasificará como deserción temprana.

Sheet TEL
A1: Fecha de corte: grados 2024-2. | M1: Fecha de corte: grados 2024-2.
A3: RETIRO TEMPRANO TEL | M3: RETIRO TEMPRANO SIS-ESTRATOS 1, 2 Y 3
A4: Periodo de ingreso - Estudiante | B4: No. Estudiantes | C4: No. Retirados | D4: % Retiro Temprano TEL | E4: No. Graduados | F4: % Graduados | G4: Est. Activos | H4: % Activos | M4: Periodo de ingreso - Estudiante | N4: No. Estudiantes | O4: No. Retirados | P4: % Retiro | Q4: No. Graduados | R4: % Graduados | S4: Est. Activos | T4: % Activos
A5: 201310 | B5: 14 | C5: 8 | D5: 0.57142857 | E5: 0 | F5: 0 | G5: 6 | H5: 0.42857143 | M5: 201310 | N5: 10 | O5: 5 | P5: 0.5 | Q5: 0 | R5: 0 | S5: 5 | T5: 0.5
A6: 201320 | B6: 13 | C6: 3 | D6: 0.23076923 | E6: 0 | F6: 0 | G6: 10 | H6: 0.76923077 | M6: 201320 | N6: 8 | O6: 2 | P6: 0.25 | Q6: 0 | R6: 0 | S6: 6 | T6: 0.75
A7: 201410 | B7: 11 | C7: 4 | D7: 0.364 | E7: 0 | F7: 0 | G7: 7 | H7: 0.636 | M7: 201410 | N7: 9 | O7: 2 | P7: 0.222 | Q7: 0 | R7: 0 | S7: 7 | T7: 0.778
A8: 201420 | B8: 15 | C8: 4 | D8: 0.267 | E8: 0 | F8: 0 | G8: 11 | H8: 0.733 | M8: 201420 | N8: 11 | O8: 4 | P8: 0.364 | Q8: 0 | R8: 0 | S8: 7 | T8: 0.636
A9: 201510 | B9: 18 | C9: 9 | D9: 0.5 | E9: 0 | F9: 0 | G9: 9 | H9: 0.5 | M9: 201510 | N9: 14 | O9: 6 | P9: 0.429 | Q9: 0 | R9: 0 | S9: 8 | T9: 0.571
A10: 201520 | B10: 10 | C10: 1 | D10: 0.1 | E10: 0 | F10: 0 | G10: 9 | H10: 0.9 | M10: 201520 | N10: 7 | O10: 0 | P10: 0 | Q10: 0 | R10: 0 | S10: 7 | T10: 1
A11: 201610 | B11: 22 | C11: 8 | D11: 0.36363636 | E11: 0 | F11: 0 | G11: 14 | H11: 0.63636364 | M11: 201610 | N11: 21 | O11: 8 | P11: 0.38095238 | Q11: 0 | R11: 0 | S11: 13 | T11: 0.61904762
A12: 201620 | B12: 10 | C12: 2 | D12: 0.2 | E12: 0 | F12: 0 | G12: 8 | H12: 0.8 | M12: 201620 | N12: 5 | O12: 0 | P12: 0 | Q12: 0 | R12: 0 | S12: 5 | T12: 1
A13: 201710 | B13: 25 | C13: 9 | D13: 0.36 | E13: 0 | F13: 0 | G13: 16 | H13: 0.64 | M13: 201710 | N13: 25 | O13: 9 | P13: 0.36 | Q13: 0 | R13: 0 | S13: 16 | T13: 0.64
A14: 201720 | B14: 11 | C14: 5 | D14: 0.45454545 | E14: 0 | F14: 0 | G14: 6 | H14: 0.54545455 | M14: 201720 | N14: 4 | O14: 2 | P14: 0.5 | Q14: 0 | R14: 0 | S14: 2 | T14: 0.5
A15: 201810 | B15: 12 | C15: 5 | D15: 0.41666667 | E15: 0 | F15: 0 | G15: 7 | H15: 0.58333333 | M15: 201810 | N15: 8 | O15: 3 | P15: 0.375 | Q15: 0 | R15: 0 | S15: 5 | T15: 0.625
A16: 201820 | B16: 16 | C16: 5 | D16: 0.3125 | E16: 0 | F16: 0 | G16: 11 | H16: 0.6875 | M16: 201820 | N16: 8 | O16: 3 | P16: 0.375 | Q16: 0 | R16: 0 | S16: 5 | T16: 0.625
... A22: 202120 | B22: 5 | C22: 0 | D22: 0 | E22: 0 | F22: 0 | G22: 5 | H22: 1 | M22: 202120 | N22: 3 | O22: 0 | P22: 0 | Q22: 0 | R22: 0 | S22: 3 | T22: 1
A23: 202210 | B23: {=IF(RIGHT($A23,2)="10",_xlfn.XLOOKUP("TEL"&$A23,[1]PROGRAMA!$A:$A&[1]PROGRAMA!$B:$B,[1]PROGRAMA!C:C,0),_xlfn.XLOOKUP("TEL"&$A23,[2]PROGRAMA!$A:$A&[2]PROGRAMA!$B:$B,[2]PROGRAMA!C:C,0))} -> 18 | C23: {=IF(RIGHT($A23,2)="10",_xlfn.XLOOKUP("TEL"&$A23,[1]PROGRAMA!$A:$A&[1]PROGRAMA!$B:$B,[1]PROGRAMA!D:D,0),_xlfn.XLOOKUP("TEL"&$A23,[2]PROGRAMA!$A:$A&[2]PROGRAMA!$B:$B,[2]PROGRAMA!D:D,0))} -> 4 | D23: =IFERROR(C23/$B23,0) -> 0.22222222 | E23: {=IF(RIGHT($A23,2)="10",_xlfn.XLOOKUP("TEL"&$A23,[1]PROGRAMA!$A:$A&[1]PROGRAMA!$B:$B,[1]PROGRAMA!E:E,0),_xlfn.XLOOKUP("TEL"&$A23,[2]PROGRAMA!$A:$A&[2]PROGRAMA!$B:$B,[2]PROGRAMA!E:E,0))} -> 0 | F23: =IFERROR(E23/$B23,0) -> 0 | G23: =B23-C23 -> 14 | H23: =IFERROR(G23/$B23,0) -> 0.77777778 | M23: 202210 | N23: {=IF(RIGHT($A23,2)="10",_xlfn.XLOOKUP("TEL"&$A23,'[1]PROGRAMA 123'!$A:$A&'[1]PROGRAMA 123'!$B:$B,'[1]PROGRAMA 123'!C:C,0),_xlfn.XLOOKUP("TEL"&$A23,'[2]PROGRAMA 123'!$A:$A&'[2]PROGRAMA 123'!$B:$B,'[2]PROGRAMA 123'!C:C,0))} -> 11 | O23: {=IF(RIGHT($A23,2)="10",_xlfn.XLOOKUP("TEL"&$A23,'[1]PROGRAMA 123'!$A:$A&'[1]PROGRAMA 123'!$B:$B,'[1]PROGRAMA 123'!D:D,0),_xlfn.XLOOKUP("TEL"&$A23,'[2]PROGRAMA 123'!$A:$A&'[2]PROGRAMA 123'!$B:$B,'[2]PROGRAMA 123'!D:D,0))} -> 2 | P23: =IFERROR(O23/$N23,0) -> 0.18181818 | Q23: {=IF(RIGHT($A23,2)="10",_xlfn.XLOOKUP("TEL"&$A23,'[1]PROGRAMA 123'!$A:$A&'[1]PROGRAMA 123'!$B:$B,'[1]PROGRAMA 123'!E:E,0),_xlfn.XLOOKUP("TEL"&$A23,'[2]PROGRAMA 123'!$A:$A&'[2]PROGRAMA 123'!$B:$B,'[2]PROGRAMA 123'!E:E,0))} -> 0 | R23: =IFERROR(Q23/$N23,0) -> 0 | S23: =N23-O23 -> 9 | T23: =IFERROR(S23/$N23,0) -> 0.81818182
A24: 202220 | B24: {=IF(RIGHT($A24,2)="10",_xlfn.XLOOKUP("TEL"&$A24,[1]PROGRAMA!$A:$A&[1]PROGRAMA!$B:$B,[1]PROGRAMA!C:C,0),_xlfn.XLOOKUP("TEL"&$A24,[2]PROGRAMA!$A:$A&[2]PROGRAMA!$B:$B,[2]PROGRAMA!C:C,0))} -> 11 | C24: {=IF(RIGHT($A24,2)="10",_xlfn.XLOOKUP("TEL"&$A24,[1]PROGRAMA!$A:$A&[1]PROGRAMA!$B:$B,[1]PROGRAMA!D:D,0),_xlfn.XLOOKUP("TEL"&$A24,[2]PROGRAMA!$A:$A&[2]PROGRAMA!$B:$B,[2]PROGRAMA!D:D,0))} -> 3 | D24: =IFERROR(C24/$B24,0) -> 0.27272727 | E24: {=IF(RIGHT($A24,2)="10",_xlfn.XLOOKUP("TEL"&$A24,[1]PROGRAMA!$A:$A&[1]PROGRAMA!$B:$B,[1]PROGRAMA!E:E,0),_xlfn.XLOOKUP("TEL"&$A24,[2]PROGRAMA!$A:$A&[2]PROGRAMA!$B:$B,[2]PROGRAMA!E:E,0))} -> 0 | F24: =IFERROR(E24/$B24,0) -> 0 | G24: =B24-C24 -> 8 | H24: =IFERROR(G24/$B24,0) -> 0.72727273 | M24: 202220 | N24: {=IF(RIGHT($A24,2)="10",_xlfn.XLOOKUP("TEL"&$A24,'[1]PROGRAMA 123'!$A:$A&'[1]PROGRAMA 123'!$B:$B,'[1]PROGRAMA 123'!C:C,0),_xlfn.XLOOKUP("TEL"&$A24,'[2]PROGRAMA 123'!$A:$A&'[2]PROGRAMA 123'!$B:$B,'[2]PROGRAMA 123'!C:C,0))} -> 7 | O24: {=IF(RIGHT($A24,2)="10",_xlfn.XLOOKUP("TEL"&$A24,'[1]PROGRAMA 123'!$A:$A&'[1]PROGRAMA 123'!$B:$B,'[1]PROGRAMA 123'!D:D,0),_xlfn.XLOOKUP("TEL"&$A24,'[2]PROGRAMA 123'!$A:$A&'[2]PROGRAMA 123'!$B:$B,'[2]PROGRAMA 123'!D:D,0))} -> 3 | P24: =IFERROR(O24/$N24,0) -> 0.42857143 | Q24: {=IF(RIGHT($A24,2)="10",_xlfn.XLOOKUP("TEL"&$A24,'[1]PROGRAMA 123'!$A:$A&'[1]PROGRAMA 123'!$B:$B,'[1]PROGRAMA 123'!E:E,0),_xlfn.XLOOKUP("TEL"&$A24,'[2]PROGRAMA 123'!$A:$A&'[2]PROGRAMA 123'!$B:$B,'[2]PROGRAMA 123'!E:E,0))} -> 0 | R24: =IFERROR(Q24/$N24,0) -> 0 | S24: =N24-O24 -> 4 | T24: =IFERROR(S24/$N24,0) -> 0.57142857
A25: 202310 | B25: 20 | C25: 4 | D25: 0.2 | E25: 0 | F25: 0 | G25: 16 | H25: 0.8 | M25: 202310 | N25: 17 | O25: 2 | P25: 0.11764706 | Q25: 0 | R25: 0 | S25: 15 | T25: 0.88235294
A27: Indicador institucional - 1d. Retiro temprano % de retiro de las cohortes con 3 semestres de estudio calculado en una ventana de 1 año | M27: Indicador institucional - 3b. Retiro temprano 1, 2 y 3 % de retiro de las cohortes con 3 semestres de estudio calculado en una ventana de 1 año
A28: *2014 122-131 | B28: 2015 132-141 | C28: 2016 142-151 | D28: 2017 152-161 | E28: 2018 162-171 | F28: 2019 172-181 | G28: 2020 182-191 | H28: 2021 192-201 | I28: 2022 202-211 | J28: ='1d. Retiro temprano.'!K30 -> 2023 212-221 | K28: ='1d. Retiro temprano.'!L30 -> 2024-1*** 222 | M28: **2014 122-131 | N28: 2015 132-141 | O28: 2016 142-151 | P28: 2017 152-161 | Q28: 2018 162-171 | R28: 2019 172-181 | S28: 2020 182-191 | T28: 2021 192-201 | U28: 2022 202-211 | V28: =J28 -> 2023 212-221 | W28: =K28 -> 2024-1*** 222
A29: =D5 -> 0.57142857 | B29: =+((B6*D6)+(B7*D7))/(B6+B7) -> 0.29183333 | C29: =((B8*D8)+(B9*D9))/(B8+B9) -> 0.39409091 | D29: =+((B10*D10)+(B11*D11))/(B10+B11) -> 0.28125 | E29: =((B12*D12)+(B13*D13))/(B12+B13) -> 0.31428571 | F29: =((B14*D14)+(B15*D15))/(B14+B15) -> 0.43478261 | G29: =((B16*D16)+(B17*D17))/(B16+B17) -> 0.2962963 | H29: =((B18*D18)+(B19*D19))/(B18+B19) -> 0.11428571 | I29: =((B20*D20)+(B21*D21))/(B20+B21) -> 0.13333333 | J29: =(C22+C23)/(B22+B23) -> 0.17391304 | K29: =D24 -> 0.27272727 | M29: =P5 -> 0.5 | N29: =+((N6*P6)+(N7*P7))/(N6+N7) -> 0.23517647 | O29: =((N8*P8)+(N9*P9))/(N8+N9) -> 0.4004 | P29: =+((N10*P10)+(N11*P11))/(N10+N11) -> 0.28571429 | Q29: =((N12*P12)+(N13*P13))/(N12+N13) -> 0.3 | R29: =((N14*P14)+(N15*P15))/(N14+N15) -> 0.41666667 | S29: =((N16*P16)+(N17*P17))/(N16+N17) -> 0.33333333 | T29: =((N18*P18)+(N19*P19))/(N18+N19) -> 0.086956522 | U29: =((N20*P20)+(N21*P21))/(N20+N21) -> 0.11111111 | V29: =(O22+O23)/(N22+N23) -> 0.14285714 | W29: =P24 -> 0.42857143
A30: * para el año 2014 solo se tomó el porcentaje de retiro del periodo 131 porque no se contaba con el porcentaje del periodo 122 | M30: * para el año 2014 solo se tomó el porcentaje de retiro del periodo 131 porque no se contaba con el porcentaje del periodo 122
A31: ** Para el periodo 2024-1 sólo se tomo el procentaje de 202220 que a esa fecha de medición cumple 3 semestres de estudio cursado y están en su cuarto semestre. | M31: ** Para el periodo 2024-1 sólo se tomo el procentaje de 202220 que a esa fecha de medición cumple 3 semestres de estudio cursado y están en su cuarto semestre.
I33: Interpretación:
I34: De acuerdo con la Política institucional de permanencia y graduación estudiantil de la Universidad Icesi, deserción estudiantil se refiere a la suspensión de la trayectoria académica del estudiante. Ahora bien, si esta suspensión ocurre durante los primeros tres periodos académicos, se clasificará como deserción temprana.

Sheet DMI
A1: Fecha de corte: grados 2024-2. | M1: Fecha de corte: grados 2024-2.
A3: RETIRO TEMPRANO DMI | M3: RETIRO TEMPRANO DMI-ESTRATOS 1, 2 Y 3
A4: Periodo de ingreso - Estudiante | B4: No. Estudiantes | C4: No. Retirados | D4: % Retiro | E4: No. Graduados | F4: % Graduados | G4: Est. Activos | H4: % Activos | M4: Periodo de ingreso - Estudiante | N4: No. Estudiantes | O4: No. Retirados | P4: % Retiro | Q4: No. Graduados | R4: % Graduados | S4: Est. Activos | T4: % Activos
A5: 201310 | B5: 17 | C5: 1 | D5: 0.058823529 | E5: 0 | F5: 0 | G5: 16 | H5: 0.94117647 | M5: 201310 | N5: 11 | O5: 1 | P5: 0.090909091 | Q5: 0 | R5: 0 | S5: 10 | T5: 0.90909091
A6: 201320 | B6: 30 | C6: 4 | D6: 0.13333333 | E6: 0 | F6: 0 | G6: 26 | H6: 0.86666667 | M6: 201320 | N6: 16 | O6: 2 | P6: 0.125 | Q6: 0 | R6: 0 | S6: 14 | T6: 0.875
A7: 201410 | B7: 18 | C7: 7 | D7: 0.389 | E7: 0 | F7: 0 | G7: 11 | H7: 0.611 | M7: 201410 | N7: 11 | O7: 3 | P7: 0.273 | Q7: 0 | R7: 0 | S7: 8 | T7: 0.727
A8: 201420 | B8: 26 | C8: 6 | D8: 0.231 | E8: 0 | F8: 0 | G8: 20 | H8: 0.769 | M8: 201420 | N8: 18 | O8: 4 | P8: 0.222 | Q8: 0 | R8: 0 | S8: 14 | T8: 0.778
A9: 201510 | B9: 31 | C9: 7 | D9: 0.226 | E9: 0 | F9: 0 | G9: 24 | H9: 0.774 | M9: 201510 | N9: 25 | O9: 5 | P9: 0.2 | Q9: 0 | R9: 0 | S9: 20 | T9: 0.8
A10: 201520 | B10: 31 | C10: 6 | D10: 0.19354839 | E10: 0 | F10: 0 | G10: 25 | H10: 0.80645161 | M10: 201520 | N10: 17 | O10: 3 | P10: 0.17647059 | Q10: 0 | R10: 0 | S10: 14 | T10: 0.82352941
A11: 201610 | B11: 34 | C11: 16 | D11: 0.47058824 | E11: 0 | F11: 0 | G11: 18 | H11: 0.52941176 | M11: 201610 | N11: 29 | O11: 11 | P11: 0.37931034 | Q11: 0 | R11: 0 | S11: 18 | T11: 0.62068966
A12: 201620 | B12: 37 | C12: 11 | D12: 0.2972973 | E12: 0 | F12: 0 | G12: 26 | H12: 0.7027027 | M12: 201620 | N12: 15 | O12: 4 | P12: 0.26666667 | Q12: 0 | R12: 0 | S12: 11 | T12: 0.73333333
A13: 201710 | B13: 26 | C13: 9 | D13: 0.34615385 | E13: 0 | F13: 0 | G13: 17 | H13: 0.65384615 | M13: 201710 | N13: 19 | O13: 6 | P13: 0.31578947 | Q13: 0 | R13: 0 | S13: 13 | T13: 0.68421053
A14: 201720 | B14: 27 | C14: 6 | D14: 0.22222222 | E14: 0 | F14: 0 | G14: 21 | H14: 0.77777778 | M14: 201720 | N14: 12 | O14: 0 | P14: 0 | Q14: 0 | R14: 0 | S14: 12 | T14: 1
A15: 201810 | B15: 35 | C15: 7 | D15: 0.2 | E15: 0 | F15: 0 | G15: 28 | H15: 0.8 | M15: 201810 | N15: 22 | O15: 7 | P15: 0.31818182 | Q15: 0 | R15: 0 | S15: 15 | T15: 0.68181818
A16: 201820 | B16: 34 | C16: 6 | D16: 0.17647059 | E16: 0 | F16: 0 | G16: 28 | H16: 0.82352941 | M16: 201820 | N16: 17 | O16: 3 | P16: 0.17647059 | Q16: 0 | R16: 0 | S16: 14 | T16: 0.82352941
... A22: 202120 | B22: 34 | C22: 4 | D22: 0.11764706 | E22: 0 | F22: 0 | G22: 30 | H22: 0.88235294 | M22: 202120 | N22: 11 | O22: 1 | P22: 0.090909091 | Q22: 0 | R22: 0 | S22: 10 | T22: 0.90909091
A23: 202210 | B23: {=IF(RIGHT($A23,2)="10",_xlfn.XLOOKUP("DMI"&$A23,[1]PROGRAMA!$A:$A&[1]PROGRAMA!$B:$B,[1]PROGRAMA!C:C,0),_xlfn.XLOOKUP("DMI"&$A23,[2]PROGRAMA!$A:$A&[2]PROGRAMA!$B:$B,[2]PROGRAMA!C:C,0))} -> 46 | C23: {=IF(RIGHT($A23,2)="10",_xlfn.XLOOKUP("DMI"&$A23,[1]PROGRAMA!$A:$A&[1]PROGRAMA!$B:$B,[1]PROGRAMA!D:D,0),_xlfn.XLOOKUP("DMI"&$A23,[2]PROGRAMA!$A:$A&[2]PROGRAMA!$B:$B,[2]PROGRAMA!D:D,0))} -> 8 | D23: =IFERROR(C23/$B23,0) -> 0.17391304 | E23: {=IF(RIGHT($A23,2)="10",_xlfn.XLOOKUP("DMI"&$A23,[1]PROGRAMA!$A:$A&[1]PROGRAMA!$B:$B,[1]PROGRAMA!E:E,0),_xlfn.XLOOKUP("DMI"&$A23,[2]PROGRAMA!$A:$A&[2]PROGRAMA!$B:$B,[2]PROGRAMA!E:E,0))} -> 0 | F23: =IFERROR(E23/$B23,0) -> 0 | G23: =B23-C23 -> 38 | H23: =IFERROR(G23/$B23,0) -> 0.82608696 | M23: 202210 | N23: {=IF(RIGHT($A23,2)="10",_xlfn.XLOOKUP("DMI"&$A23,'[1]PROGRAMA 123'!$A:$A&'[1]PROGRAMA 123'!$B:$B,'[1]PROGRAMA 123'!C:C,0),_xlfn.XLOOKUP("DMI"&$A23,'[2]PROGRAMA 123'!$A:$A&'[2]PROGRAMA 123'!$B:$B,'[2]PROGRAMA 123'!C:C,0))} -> 25 | O23: {=IF(RIGHT($A23,2)="10",_xlfn.XLOOKUP("DMI"&$A23,'[1]PROGRAMA 123'!$A:$A&'[1]PROGRAMA 123'!$B:$B,'[1]PROGRAMA 123'!D:D,0),_xlfn.XLOOKUP("DMI"&$A23,'[2]PROGRAMA 123'!$A:$A&'[2]PROGRAMA 123'!$B:$B,'[2]PROGRAMA 123'!D:D,0))} -> 2 | P23: =IFERROR(O23/$N23,0) -> 0.08 | Q23: {=IF(RIGHT($A23,2)="10",_xlfn.XLOOKUP("DMI"&$A23,'[1]PROGRAMA 123'!$A:$A&'[1]PROGRAMA 123'!$B:$B,'[1]PROGRAMA 123'!E:E,0),_xlfn.XLOOKUP("DMI"&$A23,'[2]PROGRAMA 123'!$A:$A&'[2]PROGRAMA 123'!$B:$B,'[2]PROGRAMA 123'!E:E,0))} -> 0 | R23: =IFERROR(Q23/$N23,0) -> 0 | S23: =N23-O23 -> 23 | T23: =IFERROR(S23/$N23,0) -> 0.92
A24: 202220 | B24: {=IF(RIGHT($A24,2)="10",_xlfn.XLOOKUP("DMI"&$A24,[1]PROGRAMA!$A:$A&[1]PROGRAMA!$B:$B,[1]PROGRAMA!C:C,0),_xlfn.XLOOKUP("DMI"&$A24,[2]PROGRAMA!$A:$A&[2]PROGRAMA!$B:$B,[2]PROGRAMA!C:C,0))} -> 39 | C24: {=IF(RIGHT($A24,2)="10",_xlfn.XLOOKUP("DMI"&$A24,[1]PROGRAMA!$A:$A&[1]PROGRAMA!$B:$B,[1]PROGRAMA!D:D,0),_xlfn.XLOOKUP("DMI"&$A24,[2]PROGRAMA!$A:$A&[2]PROGRAMA!$B:$B,[2]PROGRAMA!D:D,0))} -> 12 | D24: =IFERROR(C24/$B24,0) -> 0.30769231 | E24: {=IF(RIGHT($A24,2)="10",_xlfn.XLOOKUP("DMI"&$A24,[1]PROGRAMA!$A:$A&[1]PROGRAMA!$B:$B,[1]PROGRAMA!E:E,0),_xlfn.XLOOKUP("DMI"&$A24,[2]PROGRAMA!$A:$A&[2]PROGRAMA!$B:$B,[2]PROGRAMA!E:E,0))} -> 0 | F24: =IFERROR(E24/$B24,0) -> 0 | G24: =B24-C24 -> 27 | H24: =IFERROR(G24/$B24,0) -> 0.69230769 | M24: 202220 | N24: {=IF(RIGHT($A24,2)="10",_xlfn.XLOOKUP("DMI"&$A24,'[1]PROGRAMA 123'!$A:$A&'[1]PROGRAMA 123'!$B:$B,'[1]PROGRAMA 123'!C:C,0),_xlfn.XLOOKUP("DMI"&$A24,'[2]PROGRAMA 123'!$A:$A&'[2]PROGRAMA 123'!$B:$B,'[2]PROGRAMA 123'!C:C,0))} -> 21 | O24: {=IF(RIGHT($A24,2)="10",_xlfn.XLOOKUP("DMI"&$A24,'[1]PROGRAMA 123'!$A:$A&'[1]PROGRAMA 123'!$B:$B,'[1]PROGRAMA 123'!D:D,0),_xlfn.XLOOKUP("DMI"&$A24,'[2]PROGRAMA 123'!$A:$A&'[2]PROGRAMA 123'!$B:$B,'[2]PROGRAMA 123'!D:D,0))} -> 6 | P24: =IFERROR(O24/$N24,0) -> 0.28571429 | Q24: {=IF(RIGHT($A24,2)="10",_xlfn.XLOOKUP("DMI"&$A24,'[1]PROGRAMA 123'!$A:$A&'[1]PROGRAMA 123'!$B:$B,'[1]PROGRAMA 123'!E:E,0),_xlfn.XLOOKUP("DMI"&$A24,'[2]PROGRAMA 123'!$A:$A&'[2]PROGRAMA 123'!$B:$B,'[2]PROGRAMA 123'!E:E,0))} -> 0 | R24: =IFERROR(Q24/$N24,0) -> 0 | S24: =N24-O24 -> 15 | T24: =IFERROR(S24/$N24,0) -> 0.71428571
A25: 202310 | B25: 25 | C25: 2 | D25: 0.08 | E25: 0 | F25: 0 | G25: 23 | H25: 0.92 | M25: 202310 | N25: 13 | O25: 1 | P25: 0.076923077 | Q25: 0 | R25: 0 | S25: 12 | T25: 0.92307692
A27: Indicador institucional - 1d. Retiro temprano % de retiro de las cohortes con 3 semestres de estudio calculado en una ventana de 1 año | M27: Indicador institucional - 3b. Retiro temprano 1, 2 y 3 % de retiro de las cohortes con 3 semestres de estudio calculado en una ventana de 1 año
A28: *2014 122-131 | B28: 2015 132-141 | C28: 2016 142-151 | D28: 2017 152-161 | E28: 2018 162-171 | F28: 2019 172-181 | G28: 2020 182-191 | H28: 2021 192-201 | I28: 2022 202-211 | J28: ='1d. Retiro temprano.'!K30 -> 2023 212-221 | K28: ='1d. Retiro temprano.'!L30 -> 2024-1*** 222 | M28: **2014 122-131 | N28: 2015 132-141 | O28: 2016 142-151 | P28: 2017 152-161 | Q28: 2018 162-171 | R28: 2019 172-181 | S28: 2020 182-191 | T28: 2021 192-201 | U28: 2022 202-211 | V28: =J28 -> 2023 212-221 | W28: =K28 -> 2024-1*** 222
A29: =D5 -> 0.058823529 | B29: =+((B6*D6)+(B7*D7))/(B6+B7) -> 0.22920833 | C29: =((B8*D8)+(B9*D9))/(B8+B9) -> 0.2282807 | D29: =+((B10*D10)+(B11*D11))/(B10+B11) -> 0.33846154 | E29: =((B12*D12)+(B13*D13))/(B12+B13) -> 0.31746032 | F29: =((B14*D14)+(B15*D15))/(B14+B15) -> 0.20967742 | G29: =((B16*D16)+(B17*D17))/(B16+B17) -> 0.21153846 | H29: =((B18*D18)+(B19*D19))/(B18+B19) -> 0.24615385 | I29: =((B20*D20)+(B21*D21))/(B20+B21) -> 0.15 | J29: =(C22+C23)/(B22+B23) -> 0.15 | K29: =D24 -> 0.30769231 | M29: =P5 -> 0.090909091 | N29: =+((N6*P6)+(N7*P7))/(N6+N7) -> 0.1852963 | O29: =((N8*P8)+(N9*P9))/(N8+N9) -> 0.2092093 | P29: =+((N10*P10)+(N11*P11))/(N10+N11) -> 0.30434783 | Q29: =((N12*P12)+(N13*P13))/(N12+N13) -> 0.29411765 | R29: =((N14*P14)+(N15*P15))/(N14+N15) -> 0.20588235 | S29: =((N16*P16)+(N17*P17))/(N16+N17) -> 0.2 | T29: =((N18*P18)+(N19*P19))/(N18+N19) -> 0.17142857 | U29: =((N20*P20)+(N21*P21))/(N20+N21) -> 0.11111111 | V29: =(O22+O23)/(N22+N23) -> 0.083333333 | W29: =P24 -> 0.28571429
A30: * para el año 2014 solo se tomó el porcentaje de retiro del periodo 131 porque no se contaba con el porcentaje del periodo 122 | M30: * para el año 2014 solo se tomó el porcentaje de retiro del periodo 131 porque no se contaba con el porcentaje del periodo 122
A31: ** Para el periodo 2024-1 sólo se tomo el procentaje de 202220 que a esa fecha de medición cumple 3 semestres de estudio cursado y están en su cuarto semestre. | M31: ** Para el periodo 2024-1 sólo se tomo el procentaje de 202220 que a esa fecha de medición cumple 3 semestres de estudio cursado y están en su cuarto semestre.

Sheet DIS
A1: Fecha de corte: grados 2024-2. | M1: Fecha de corte: grados 2024-2.
A3: RETIRO TEMPRANO DIS | M3: RETIRO TEMPRANO DIS-ESTRATOS 1, 2 Y 3
A4: Periodo de ingreso - Estudiante | B4: No. Estudiantes | C4: No. Retirados | D4: % Retiro | E4: No. Graduados | F4: % Graduados | G4: Est. Activos | H4: % Activos | M4: Periodo de ingreso - Estudiante | N4: No. Estudiantes | O4: No. Retirados | P4: % Retiro | Q4: No. Graduados | R4: % Graduados | S4: Est. Activos | T4: % Activos
A5: 201310 | B5: 17 | C5: 3 | D5: 0.17647059 | E5: 0 | F5: 0 | G5: 14 | H5: 0.82352941 | M5: 201310 | N5: 8 | O5: 1 | P5: 0.125 | Q5: 0 | R5: 0 | S5: 7 | T5: 0.875
A6: 201320 | B6: 33 | C6: 10 | D6: 0.3030303 | E6: 0 | F6: 0 | G6: 23 | H6: 0.6969697 | M6: 201320 | N6: 13 | O6: 2 | P6: 0.15384615 | Q6: 0 | R6: 0 | S6: 11 | T6: 0.84615385
A7: 201410 | B7: 18 | C7: 9 | D7: 0.5 | E7: 0 | F7: 0 | G7: 9 | H7: 0.5 | M7: 201410 | N7: 8 | O7: 4 | P7: 0.5 | Q7: 0 | R7: 0 | S7: 4 | T7: 0.5
A8: 201420 | B8: 36 | C8: 6 | D8: 0.167 | E8: 0 | F8: 0 | G8: 30 | H8: 0.833 | M8: 201420 | N8: 13 | O8: 3 | P8: 0.231 | Q8: 0 | R8: 0 | S8: 10 | T8: 0.769
A9: 201510 | B9: 16 | C9: 4 | D9: 0.25 | E9: 0 | F9: 0 | G9: 12 | H9: 0.75 | M9: 201510 | N9: 11 | O9: 3 | P9: 0.273 | Q9: 0 | R9: 0 | S9: 8 | T9: 0.727
A10: 201520 | B10: 35 | C10: 11 | D10: 0.31428571 | E10: 0 | F10: 0 | G10: 24 | H10: 0.68571429 | M10: 201520 | N10: 12 | O10: 3 | P10: 0.25 | Q10: 0 | R10: 0 | S10: 9 | T10: 0.75
A11: 201610 | B11: 15 | C11: 7 | D11: 0.46666667 | E11: 0 | F11: 0 | G11: 8 | H11: 0.53333333 | M11: 201610 | N11: 9 | O11: 3 | P11: 0.33333333 | Q11: 0 | R11: 0 | S11: 6 | T11: 0.66666667
A12: 201620 | B12: 34 | C12: 7 | D12: 0.20588235 | E12: 0 | F12: 0 | G12: 27 | H12: 0.79411765 | M12: 201620 | N12: 6 | O12: 2 | P12: 0.33333333 | Q12: 0 | R12: 0 | S12: 4 | T12: 0.66666667
A13: 201710 | B13: 18 | C13: 4 | D13: 0.22222222 | E13: 0 | F13: 0 | G13: 14 | H13: 0.77777778 | M13: 201710 | N13: 10 | O13: 2 | P13: 0.2 | Q13: 0 | R13: 0 | S13: 8 | T13: 0.8
A14: 201720 | B14: 24 | C14: 3 | D14: 0.125 | E14: 0 | F14: 0 | G14: 21 | H14: 0.875 | M14: 201720 | N14: 8 | O14: 0 | P14: 0 | Q14: 0 | R14: 0 | S14: 8 | T14: 1
A15: 201810 | B15: 15 | C15: 4 | D15: 0.26666667 | E15: 0 | F15: 0 | G15: 11 | H15: 0.73333333 | M15: 201810 | N15: 9 | O15: 1 | P15: 0.11111111 | Q15: 0 | R15: 0 | S15: 8 | T15: 0.88888889
A16: 201820 | B16: 18 | C16: 3 | D16: 0.16666667 | E16: 0 | F16: 0 | G16: 15 | H16: 0.83333333 | M16: 201820 | N16: 4 | O16: 0 | P16: 0 | Q16: 0 | R16: 0 | S16: 4 | T16: 1
... A22: 202120 | B22: 12 | C22: 4 | D22: 0.33333333 | E22: 0 | F22: 0 | G22: 8 | H22: 0.66666667 | M22: 202120 | N22: 2 | O22: 0 | P22: 0 | Q22: 0 | R22: 0 | S22: 2 | T22: 1
A23: 202210 | B23: {=IF(RIGHT($A23,2)="10",_xlfn.XLOOKUP("DIS"&$A23,[1]PROGRAMA!$A:$A&[1]PROGRAMA!$B:$B,[1]PROGRAMA!C:C,0),_xlfn.XLOOKUP("DIS"&$A23,[2]PROGRAMA!$A:$A&[2]PROGRAMA!$B:$B,[2]PROGRAMA!C:C,0))} -> 10 | C23: {=IF(RIGHT($A23,2)="10",_xlfn.XLOOKUP("DIS"&$A23,[1]PROGRAMA!$A:$A&[1]PROGRAMA!$B:$B,[1]PROGRAMA!D:D,0),_xlfn.XLOOKUP("DIS"&$A23,[2]PROGRAMA!$A:$A&[2]PROGRAMA!$B:$B,[2]PROGRAMA!D:D,0))} -> 2 | D23: =IFERROR(C23/$B23,0) -> 0.2 | E23: {=IF(RIGHT($A23,2)="10",_xlfn.XLOOKUP("DIS"&$A23,[1]PROGRAMA!$A:$A&[1]PROGRAMA!$B:$B,[1]PROGRAMA!E:E,0),_xlfn.XLOOKUP("DIS"&$A23,[2]PROGRAMA!$A:$A&[2]PROGRAMA!$B:$B,[2]PROGRAMA!E:E,0))} -> 0 | F23: =IFERROR(E23/$B23,0) -> 0 | G23: =B23-C23 -> 8 | H23: =IFERROR(G23/$B23,0) -> 0.8 | M23: 202210 | N23: {=IF(RIGHT($A23,2)="10",_xlfn.XLOOKUP("DIS"&$A23,'[1]PROGRAMA 123'!$A:$A&'[1]PROGRAMA 123'!$B:$B,'[1]PROGRAMA 123'!C:C,0),_xlfn.XLOOKUP("DIS"&$A23,'[2]PROGRAMA 123'!$A:$A&'[2]PROGRAMA 123'!$B:$B,'[2]PROGRAMA 123'!C:C,0))} -> 5 | O23: {=IF(RIGHT($A23,2)="10",_xlfn.XLOOKUP("DIS"&$A23,'[1]PROGRAMA 123'!$A:$A&'[1]PROGRAMA 123'!$B:$B,'[1]PROGRAMA 123'!D:D,0),_xlfn.XLOOKUP("DIS"&$A23,'[2]PROGRAMA 123'!$A:$A&'[2]PROGRAMA 123'!$B:$B,'[2]PROGRAMA 123'!D:D,0))} -> 1 | P23: =IFERROR(O23/$N23,0) -> 0.2 | Q23: {=IF(RIGHT($A23,2)="10",_xlfn.XLOOKUP("DIS"&$A23,'[1]PROGRAMA 123'!$A:$A&'[1]PROGRAMA 123'!$B:$B,'[1]PROGRAMA 123'!E:E,0),_xlfn.XLOOKUP("DIS"&$A23,'[2]PROGRAMA 123'!$A:$A&'[2]PROGRAMA 123'!$B:$B,'[2]PROGRAMA 123'!E:E,0))} -> 0 | R23: =IFERROR(Q23/$N23,0) -> 0 | S23: =N23-O23 -> 4 | T23: =IFERROR(S23/$N23,0) -> 0.8
A24: 202220 | B24: {=IF(RIGHT($A24,2)="10",_xlfn.XLOOKUP("DIS"&$A24,[1]PROGRAMA!$A:$A&[1]PROGRAMA!$B:$B,[1]PROGRAMA!C:C,0),_xlfn.XLOOKUP("DIS"&$A24,[2]PROGRAMA!$A:$A&[2]PROGRAMA!$B:$B,[2]PROGRAMA!C:C,0))} -> 13 | C24: {=IF(RIGHT($A24,2)="10",_xlfn.XLOOKUP("DIS"&$A24,[1]PROGRAMA!$A:$A&[1]PROGRAMA!$B:$B,[1]PROGRAMA!D:D,0),_xlfn.XLOOKUP("DIS"&$A24,[2]PROGRAMA!$A:$A&[2]PROGRAMA!$B:$B,[2]PROGRAMA!D:D,0))} -> 3 | D24: =IFERROR(C24/$B24,0) -> 0.23076923 | E24: {=IF(RIGHT($A24,2)="10",_xlfn.XLOOKUP("DIS"&$A24,[1]PROGRAMA!$A:$A&[1]PROGRAMA!$B:$B,[1]PROGRAMA!E:E,0),_xlfn.XLOOKUP("DIS"&$A24,[2]PROGRAMA!$A:$A&[2]PROGRAMA!$B:$B,[2]PROGRAMA!E:E,0))} -> 0 | F24: =IFERROR(E24/$B24,0) -> 0 | G24: =B24-C24 -> 10 | H24: =IFERROR(G24/$B24,0) -> 0.76923077 | M24: 202220 | N24: {=IF(RIGHT($A24,2)="10",_xlfn.XLOOKUP("DIS"&$A24,'[1]PROGRAMA 123'!$A:$A&'[1]PROGRAMA 123'!$B:$B,'[1]PROGRAMA 123'!C:C,0),_xlfn.XLOOKUP("DIS"&$A24,'[2]PROGRAMA 123'!$A:$A&'[2]PROGRAMA 123'!$B:$B,'[2]PROGRAMA 123'!C:C,0))} -> 3 | O24: {=IF(RIGHT($A24,2)="10",_xlfn.XLOOKUP("DIS"&$A24,'[1]PROGRAMA 123'!$A:$A&'[1]PROGRAMA 123'!$B:$B,'[1]PROGRAMA 123'!D:D,0),_xlfn.XLOOKUP("DIS"&$A24,'[2]PROGRAMA 123'!$A:$A&'[2]PROGRAMA 123'!$B:$B,'[2]PROGRAMA 123'!D:D,0))} -> 1 | P24: =IFERROR(O24/$N24,0) -> 0.33333333 | Q24: {=IF(RIGHT($A24,2)="10",_xlfn.XLOOKUP("DIS"&$A24,'[1]PROGRAMA 123'!$A:$A&'[1]PROGRAMA 123'!$B:$B,'[1]PROGRAMA 123'!E:E,0),_xlfn.XLOOKUP("DIS"&$A24,'[2]PROGRAMA 123'!$A:$A&'[2]PROGRAMA 123'!$B:$B,'[2]PROGRAMA 123'!E:E,0))} -> 0 | R24: =IFERROR(Q24/$N24,0) -> 0 | S24: =N24-O24 -> 2 | T24: =IFERROR(S24/$N24,0) -> 0.66666667
A25: 202310 | B25: 19 | C25: 8 | D25: 0.42105263 | E25: 0 | F25: 0 | G25: 11 | H25: 0.57894737 | M25: 202310 | N25: 9 | O25: 4 | P25: 0.44444444 | Q25: 0 | R25: 0 | S25: 5 | T25: 0.55555556
A27: Indicador institucional - 1d. Retiro temprano % de retiro de las cohortes con 3 semestres de estudio calculado en una ventana de 1 año | M27: Indicador institucional - 3b. Retiro temprano 1, 2 y 3 % de retiro de las cohortes con 3 semestres de estudio calculado en una ventana de 1 año
A28: *2014 122-131 | B28: 2015 132-141 | C28: 2016 142-151 | D28: 2017 152-161 | E28: 2018 162-171 | F28: 2019 172-181 | G28: **2020 182-191 | H28: 2021 192-201 | I28: 2022 202-211 | J28: ='1d. Retiro temprano.'!K30 -> 2023 212-221 | K28: ='1d. Retiro temprano.'!L30 -> 2024-1*** 222 | M28: *2014 122-131 | N28: 2015 132-141 | O28: 2016 142-151 | P28: 2017 152-161 | Q28: 2018 162-171 | R28: 2019 172-181 | S28: **2020 182-191 | T28: 2021 192-201 | U28: 2022 202-211 | V28: =J28 -> 2023 212-221 | W28: =K28 -> 2024-1*** 222
A29: =D5 -> 0.17647059 | B29: =+((B6*D6)+(B7*D7))/(B6+B7) -> 0.37254902 | C29: =((B8*D8)+(B9*D9))/(B8+B9) -> 0.19253846 | D29: =+((B10*D10)+(B11*D11))/(B10+B11) -> 0.36 | E29: =((B12*D12)+(B13*D13))/(B12+B13) -> 0.21153846 | F29: =((B14*D14)+(B15*D15))/(B14+B15) -> 0.17948718 | G29: =((B16*D16)+(B17*D17))/(B16+B17) -> 0.15151515 | H29: =((B18*D18)+(B19*D19))/(B18+B19) -> 0.22580645 | I29: =((B20*D20)+(B21*D21))/(B20+B21) -> 0.21052632 | J29: =(C22+C23)/(B22+B23) -> 0.27272727 | K29: =D24 -> 0.23076923 | M29: =P5 -> 0.125 | N29: =+((N6*P6)+(N7*P7))/(N6+N7) -> 0.28571429 | O29: =((N8*P8)+(N9*P9))/(N8+N9) -> 0.25025 | P29: =+((N10*P10)+(N11*P11))/(N10+N11) -> 0.28571429 | Q29: =((N12*P12)+(N13*P13))/(N12+N13) -> 0.25 | R29: =((N14*P14)+(N15*P15))/(N14+N15) -> 0.058823529 | S29: =((N16*P16)+(N17*P17))/(N16+N17) -> 0.1 | T29: =((N18*P18)+(N19*P19))/(N18+N19) -> 0.083333333 | U29: =((N20*P20)+(N21*P21))/(N20+N21) -> 0.2 | V29: =(O22+O23)/(N22+N23) -> 0.14285714 | W29: =P24 -> 0.33333333
A30: * para el año 2014 solo se tomó el porcentaje de retiro del periodo 131 porque no se contaba con el porcentaje del periodo 122 | M30: * para el año 2014 solo se tomó el porcentaje de retiro del periodo 131 porque no se contaba con el porcentaje del periodo 122
A31: ** Para el periodo 2024-1 sólo se tomo el procentaje de 202220 que a esa fecha de medición cumple 3 semestres de estudio cursado y están en su cuarto semestre. | M31: ** Para el periodo 2024-1 sólo se tomo el procentaje de 202220 que a esa fecha de medición cumple 3 semestres de estudio cursado y están en su cuarto semestre.

Sheet IBQ
A1: Fecha de corte: grados 2024-2. | M1: Fecha de corte: grados 2024-2.
A3: RETIRO TEMPRANO IBQ | M3: RETIRO TEMPRANO IBQ-ESTRATOS 1, 2 Y 3
A4: Periodo de ingreso - Estudiante | B4: No. Estudiantes | C4: No. Retirados | D4: % Retiro | E4: No. Graduados | F4: % Graduados | G4: Est. Activos | H4: % Activos | M4: Periodo de ingreso - Estudiante | N4: No. Estudiantes | O4: No. Retirados | P4: % Retiro | Q4: No. Graduados | R4: % Graduados | S4: Est. Activos | T4: % Activos
A5: 201310 | B5: - | C5: - | D5: - | E5: - | F5: - | G5: - | H5: - | M5: 201310 | N5: - | O5: - | P5: - | Q5: - | R5: - | S5: - | T5: -
A6: 201320 | B6: - | C6: - | D6: - | E6: - | F6: - | G6: - | H6: - | M6: 201320 | N6: - | O6: - | P6: - | Q6: - | R6: - | S6: - | T6: -
A7: 201410 | B7: - | C7: - | D7: - | E7: - | F7: - | G7: - | H7: - | M7: 201410 | N7: - | O7: - | P7: - | Q7: - | R7: - | S7: - | T7: -
A8: 201420 | B8: - | C8: - | D8: - | E8: - | F8: - | G8: - | H8: - | M8: 201420 | N8: - | O8: - | P8: - | Q8: - | R8: - | S8: - | T8: -
A9: 201510 | B9: - | C9: - | D9: - | E9: - | F9: - | G9: - | H9: - | M9: 201510 | N9: - | O9: - | P9: - | Q9: - | R9: - | S9: - | T9: -
A10: 201520 | B10: 32 | C10: 8 | D10: 0.25 | E10: 0 | F10: 0 | G10: 24 | H10: 0.75 | M10: 201520 | N10: 19 | O10: 3 | P10: 0.15789474 | Q10: 0 | R10: 0 | S10: 16 | T10: 0.84210526
A11: 201610 | B11: 65 | C11: 14 | D11: 0.21538462 | E11: 0 | F11: 0 | G11: 51 | H11: 0.78461538 | M11: 201610 | N11: 61 | O11: 11 | P11: 0.18032787 | Q11: 0 | R11: 0 | S11: 50 | T11: 0.81967213
A12: 201620 | B12: 57 | C12: 16 | D12: 0.28070175 | E12: 0 | F12: 0 | G12: 41 | H12: 0.71929825 | M12: 201620 | N12: 27 | O12: 7 | P12: 0.25925926 | Q12: 0 | R12: 0 | S12: 20 | T12: 0.74074074
A13: 201710 | B13: 66 | C13: 7 | D13: 0.10606061 | E13: 0 | F13: 0 | G13: 59 | H13: 0.89393939 | M13: 201710 | N13: 58 | O13: 6 | P13: 0.10344828 | Q13: 0 | R13: 0 | S13: 52 | T13: 0.89655172
A14: 201720 | B14: 23 | C14: 5 | D14: 0.2173913 | E14: 0 | F14: 0 | G14: 18 | H14: 0.7826087 | M14: 201720 | N14: 5 | O14: 0 | P14: 0 | Q14: 0 | R14: 0 | S14: 5 | T14: 1
A15: 201810 | B15: 49 | C15: 13 | D15: 0.26530612 | E15: 0 | F15: 0 | G15: 36 | H15: 0.73469388 | M15: 201810 | N15: 43 | O15: 10 | P15: 0.23255814 | Q15: 0 | R15: 0 | S15: 33 | T15: 0.76744186
A16: 201820 | B16: 24 | C16: 8 | D16: 0.33333333 | E16: 0 | F16: 0 | G16: 16 | H16: 0.66666667 | M16: 201820 | N16: 11 | O16: 5 | P16: 0.45454545 | Q16: 0 | R16: 0 | S16: 6 | T16: 0.54545455
A17: 201910 | B17: 26 | C17: 5 | D17: 0.19230769 | E17: 0 | F17: 0 | G17: 21 | H17: 0.80769231 | M17: 201910 | N17: 23 | O17: 4 | P17: 0.17391304 | Q17: 0 | R17: 0 | S17: 19 | T17: 0.82608696
A18: 201920 | B18: 24 | C18: 5 | D18: 0.20833333 | E18: 0 | F18: 0 | G18: 19 | H18: 0.79166667 | M18: 201920 | N18: 13 | O18: 3 | P18: 0.23076923 | Q18: 0 | R18: 0 | S18: 10 | T18: 0.76923077
A19: 202010 | B19: 25 | C19: 2 | D19: 0.08 | E19: 0 | F19: 0 | G19: 23 | H19: 0.92 | M19: 202010 | N19: 20 | O19: 1 | P19: 0.05 | Q19: 0 | R19: 0 | S19: 19 | T19: 0.95
A20: 202020 | B20: 26 | C20: 4 | D20: 0.15384615 | E20: 0 | F20: 0 | G20: 22 | H20: 0.84615385 | M20: 202020 | N20: 10 | O20: 2 | P20: 0.2 | Q20: 0 | R20: 0 | S20: 8 | T20: 0.8
A21: 202110 | B21: 17 | C21: 1 | D21: 0.058823529 | E21: 0 | F21: 0 | G21: 16 | H21: 0.94117647 | M21: 202110 | N21: 11 | O21: 0 | P21: 0 | Q21: 0 | R21: 0 | S21: 11 | T21: 1
A22: 202120 | B22: 17 | C22: 1 | D22: 0.058823529 | E22: 0 | F22: 0 | G22: 16 | H22: 0.94117647 | M22: 202120 | N22: 8 | O22: 0 | P22: 0 | Q22: 0 | R22: 0 | S22: 8 | T22: 1
A23: 202210 | B23: {=IF(RIGHT($A23,2)="10",_xlfn.XLOOKUP("IBQ"&$A23,[1]PROGRAMA!$A:$A&[1]PROGRAMA!$B:$B,[1]PROGRAMA!C:C,0),_xlfn.XLOOKUP("IBQ"&$A23,[2]PROGRAMA!$A:$A&[2]PROGRAMA!$B:$B,[2]PROGRAMA!C:C,0))} -> 23 | C23: {=IF(RIGHT($A23,2)="10",_xlfn.XLOOKUP("IBQ"&$A23,[1]PROGRAMA!$A:$A&[1]PROGRAMA!$B:$B,[1]PROGRAMA!D:D,0),_xlfn.XLOOKUP("IBQ"&$A23,[2]PROGRAMA!$A:$A&[2]PROGRAMA!$B:$B,[2]PROGRAMA!D:D,0))} -> 9 | D23: =IFERROR(C23/$B23,0) -> 0.39130435 | E23: {=IF(RIGHT($A23,2)="10",_xlfn.XLOOKUP("IBQ"&$A23,[1]PROGRAMA!$A:$A&[1]PROGRAMA!$B:$B,[1]PROGRAMA!E:E,0),_xlfn.XLOOKUP("IBQ"&$A23,[2]PROGRAMA!$A:$A&[2]PROGRAMA!$B:$B,[2]PROGRAMA!E:E,0))} -> 0 | F23: =IFERROR(E23/$B23,0) -> 0 | G23: =B23-C23 -> 14 | H23: =IFERROR(G23/$B23,0) -> 0.60869565 | M23: 202210 | N23: {=IF(RIGHT($A23,2)="10",_xlfn.XLOOKUP("IBQ"&$A23,'[1]PROGRAMA 123'!$A:$A&'[1]PROGRAMA 123'!$B:$B,'[1]PROGRAMA 123'!C:C,0),_xlfn.XLOOKUP("IBQ"&$A23,'[2]PROGRAMA 123'!$A:$A&'[2]PROGRAMA 123'!$B:$B,'[2]PROGRAMA 123'!C:C,0))} -> 15 | O23: {=IF(RIGHT($A23,2)="10",_xlfn.XLOOKUP("IBQ"&$A23,'[1]PROGRAMA 123'!$A:$A&'[1]PROGRAMA 123'!$B:$B,'[1]PROGRAMA 123'!D:D,0),_xlfn.XLOOKUP("IBQ"&$A23,'[2]PROGRAMA 123'!$A:$A&'[2]PROGRAMA 123'!$B:$B,'[2]PROGRAMA 123'!D:D,0))} -> 5 | P23: =IFERROR(O23/$N23,0) -> 0.33333333 | Q23: {=IF(RIGHT($A23,2)="10",_xlfn.XLOOKUP("IBQ"&$A23,'[1]PROGRAMA 123'!$A:$A&'[1]PROGRAMA 123'!$B:$B,'[1]PROGRAMA 123'!E:E,0),_xlfn.XLOOKUP("IBQ"&$A23,'[2]PROGRAMA 123'!$A:$A&'[2]PROGRAMA 123'!$B:$B,'[2]PROGRAMA 123'!E:E,0))} -> 0 | R23: =IFERROR(Q23/$N23,0) -> 0 | S23: =N23-O23 -> 10 | T23: =IFERROR(S23/$N23,0) -> 0.66666667
A24: 202220 | B24: {=IF(RIGHT($A24,2)="10",_xlfn.XLOOKUP("IBQ"&$A24,[1]PROGRAMA!$A:$A&[1]PROGRAMA!$B:$B,[1]PROGRAMA!C:C,0),_xlfn.XLOOKUP("IBQ"&$A24,[2]PROGRAMA!$A:$A&[2]PROGRAMA!$B:$B,[2]PROGRAMA!C:C,0))} -> 27 | C24: {=IF(RIGHT($A24,2)="10",_xlfn.XLOOKUP("IBQ"&$A24,[1]PROGRAMA!$A:$A&[1]PROGRAMA!$B:$B,[1]PROGRAMA!D:D,0),_xlfn.XLOOKUP("IBQ"&$A24,[2]PROGRAMA!$A:$A&[2]PROGRAMA!$B:$B,[2]PROGRAMA!D:D,0))} -> 8 | D24: =IFERROR(C24/$B24,0) -> 0.2962963 | E24: {=IF(RIGHT($A24,2)="10",_xlfn.XLOOKUP("IBQ"&$A24,[1]PROGRAMA!$A:$A&[1]PROGRAMA!$B:$B,[1]PROGRAMA!E:E,0),_xlfn.XLOOKUP("IBQ"&$A24,[2]PROGRAMA!$A:$A&[2]PROGRAMA!$B:$B,[2]PROGRAMA!E:E,0))} -> 0 | F24: =IFERROR(E24/$B24,0) -> 0 | G24: =B24-C24 -> 19 | H24: =IFERROR(G24/$B24,0) -> 0.7037037 | M24: 202220 | N24: {=IF(RIGHT($A24,2)="10",_xlfn.XLOOKUP("IBQ"&$A24,'[1]PROGRAMA 123'!$A:$A&'[1]PROGRAMA 123'!$B:$B,'[1]PROGRAMA 123'!C:C,0),_xlfn.XLOOKUP("IBQ"&$A24,'[2]PROGRAMA 123'!$A:$A&'[2]PROGRAMA 123'!$B:$B,'[2]PROGRAMA 123'!C:C,0))} -> 13 | O24: {=IF(RIGHT($A24,2)="10",_xlfn.XLOOKUP("IBQ"&$A24,'[1]PROGRAMA 123'!$A:$A&'[1]PROGRAMA 123'!$B:$B,'[1]PROGRAMA 123'!D:D,0),_xlfn.XLOOKUP("IBQ"&$A24,'[2]PROGRAMA 123'!$A:$A&'[2]PROGRAMA 123'!$B:$B,'[2]PROGRAMA 123'!D:D,0))} -> 5 | P24: =IFERROR(O24/$N24,0) -> 0.38461538 | Q24: {=IF(RIGHT($A24,2)="10",_xlfn.XLOOKUP("IBQ"&$A24,'[1]PROGRAMA 123'!$A:$A&'[1]PROGRAMA 123'!$B:$B,'[1]PROGRAMA 123'!E:E,0),_xlfn.XLOOKUP("IBQ"&$A24,'[2]PROGRAMA 123'!$A:$A&'[2]PROGRAMA 123'!$B:$B,'[2]PROGRAMA 123'!E:E,0))} -> 0 | R24: =IFERROR(Q24/$N24,0) -> 0 | S24: =N24-O24 -> 8 | T24: =IFERROR(S24/$N24,0) -> 0.61538462
A25: 202310 | B25: 24 | C25: 7 | D25: 0.29166667 | E25: 0 | F25: 0 | G25: 17 | H25: 0.70833333 | M25: 202310 | N25: 18 | O25: 5 | P25: 0.27777778 | Q25: 0 | R25: 0 | S25: 13 | T25: 0.72222222
A27: Indicador institucional - 1d. Retiro temprano % de retiro de las cohortes con 3 semestres de estudio calculado en una ventana de 1 año | M27: Indicador institucional - 3b. Retiro temprano 1, 2 y 3 % de retiro de las cohortes con 3 semestres de estudio calculado en una ventana de 1 año
A28: 2014 122-131 | B28: 2015 132-141 | C28: 2016 142-151 | D28: 2017 152-161 | E28: 2018 162-171 | F28: 2019 172-181 | G28: 2020 182-191 | H28: 2021 192-201 | I28: 2022 202-211 | J28: ='1d. Retiro temprano.'!K30 -> 2023 212-221 | K28: ='1d. Retiro temprano.'!L30 -> 2024-1*** 222 | M28: 2014 122-131 | N28: 2015 132-141 | O28: 2016 142-151 | P28: 2017 152-161 | Q28: 2018 162-171 | R28: 2019 172-181 | S28: 2020 182-191 | T28: 2021 192-201 | U28: 2022 202-211 | V28: =J28 -> 2023 212-221 | W28: =K28 -> 2024-1*** 222
A29: =D5 -> - | B29: - | C29: - | D29: =+((B10*D10)+(B11*D11))/(B10+B11) -> 0.22680412 | E29: =((B12*D12)+(B13*D13))/(B12+B13) -> 0.18699187 | F29: =((B14*D14)+(B15*D15))/(B14+B15) -> 0.25 | G29: =((B16*D16)+(B17*D17))/(B16+B17) -> 0.26 | H29: =((B18*D18)+(B19*D19))/(B18+B19) -> 0.14285714 | I29: =((B20*D20)+(B21*D21))/(B20+B21) -> 0.11627907 | J29: =(C22+C23)/(B22+B23) -> 0.25 | K29: =D24 -> 0.2962963 | M29: =P5 -> - | N29: - | O29: - | P29: =+((N10*P10)+(N11*P11))/(N10+N11) -> 0.175 | Q29: =((N12*P12)+(N13*P13))/(N12+N13) -> 0.15294118 | R29: =((N14*P14)+(N15*P15))/(N14+N15) -> 0.20833333 | S29: =((N16*P16)+(N17*P17))/(N16+N17) -> 0.26470588 | T29: =((N18*P18)+(N19*P19))/(N18+N19) -> 0.12121212 | U29: =((N20*P20)+(N21*P21))/(N20+N21) -> 0.095238095 | V29: =(O22+O23)/(N22+N23) -> 0.2173913 | W29: =P24 -> 0.38461538
A30: * Para el periodo 2024-1 sólo se tomo el procentaje de 202220 que a esa fecha de medición cumple 3 semestres de estudio cursado y están en su cuarto semestre. | M30: * Para el periodo 2024-1 sólo se tomo el procentaje de 202220 que a esa fecha de medición cumple 3 semestres de estudio cursado y están en su cuarto semestre.

Sheet BIO
A1: Fecha de corte: grados 2024-2. | M1: Fecha de corte: grados 2024-2.
A3: RETIRO TEMPRANO BIO | M3: RETIRO TEMPRANO BIO-ESTRATOS 1, 2 Y 3
A4: Periodo de ingreso - Estudiante | B4: No. Estudiantes | C4: No. Retirados | D4: % Retiro | E4: No. Graduados | F4: % Graduados | G4: Est. Activos | H4: % Activos | M4: Periodo de ingreso - Estudiante | N4: No. Estudiantes | O4: No. Retirados | P4: % Retiro | Q4: No. Graduados | R4: % Graduados | S4: Est. Activos | T4: % Activos
A5: 201310 | B5: 13 | C5: 2 | D5: 0.15384615 | E5: 0 | F5: 0 | G5: 11 | H5: 0.84615385 | M5: 201310 | N5: 3 | O5: 0 | P5: 0 | Q5: 0 | R5: 0 | S5: 3 | T5: 1
A6: 201320 | B6: 21 | C6: 11 | D6: 0.52380952 | E6: 0 | F6: 0 | G6: 10 | H6: 0.47619048 | M6: 201320 | N6: 16 | O6: 8 | P6: 0.5 | Q6: 0 | R6: 0 | S6: 8 | T6: 0.5
A7: 201410 | B7: 18 | C7: 9 | D7: 0.5 | E7: 0 | F7: 0 | G7: 9 | H7: 0.5 | M7: 201410 | N7: 12 | O7: 5 | P7: 0.417 | Q7: 0 | R7: 0 | S7: 7 | T7: 0.583
A8: 201420 | B8: 19 | C8: 12 | D8: 0.632 | E8: 0 | F8: 0 | G8: 7 | H8: 0.368 | M8: 201420 | N8: 10 | O8: 4 | P8: 0.4 | Q8: 0 | R8: 0 | S8: 6 | T8: 0.6
A9: 201510 | B9: 27 | C9: 9 | D9: 0.333 | E9: 0 | F9: 0 | G9: 18 | H9: 0.667 | M9: 201510 | N9: 24 | O9: 7 | P9: 0.292 | Q9: 0 | R9: 0 | S9: 17 | T9: 0.708
A10: 201520 | B10: 18 | C10: 9 | D10: 0.5 | E10: 0 | F10: 0 | G10: 9 | H10: 0.5 | M10: 201520 | N10: 12 | O10: 6 | P10: 0.5 | Q10: 0 | R10: 0 | S10: 6 | T10: 0.5
A11: 201610 | B11: 32 | C11: 11 | D11: 0.34375 | E11: 0 | F11: 0 | G11: 21 | H11: 0.65625 | M11: 201610 | N11: 28 | O11: 10 | P11: 0.35714286 | Q11: 0 | R11: 0 | S11: 18 | T11: 0.64285714
A12: 201620 | B12: 22 | C12: 8 | D12: 0.36363636 | E12: 0 | F12: 0 | G12: 14 | H12: 0.63636364 | M12: 201620 | N12: 8 | O12: 2 | P12: 0.25 | Q12: 0 | R12: 0 | S12: 6 | T12: 0.75
A13: 201710 | B13: 29 | C13: 10 | D13: 0.34482759 | E13: 0 | F13: 0 | G13: 19 | H13: 0.65517241 | M13: 201710 | N13: 24 | O13: 7 | P13: 0.29166667 | Q13: 0 | R13: 0 | S13: 17 | T13: 0.70833333
A14: 201720 | B14: 16 | C14: 3 | D14: 0.1875 | E14: 0 | F14: 0 | G14: 13 | H14: 0.8125 | M14: 201720 | N14: 7 | O14: 1 | P14: 0.14285714 | Q14: 0 | R14: 0 | S14: 6 | T14: 0.85714286
A15: 201810 | B15: 20 | C15: 11 | D15: 0.55 | E15: 0 | F15: 0 | G15: 9 | H15: 0.45 | M15: 201810 | N15: 11 | O15: 2 | P15: 0.18181818 | Q15: 0 | R15: 0 | S15: 9 | T15: 0.81818182
A16: 201820 | B16: 16 | C16: 4 | D16: 0.25 | E16: 0 | F16: 0 | G16: 12 | H16: 0.75 | M16: 201820 | N16: 6 | O16: 1 | P16: 0.16666667 | Q16: 0 | R16: 0 | S16: 5 | T16: 0.83333333
... A22: 202120 | B22: 6 | C22: 1 | D22: 0.16666667 | E22: 0 | F22: 0 | G22: 5 | H22: 0.83333333 | M22: 202120 | N22: 3 | O22: 1 | P22: 0.33333333 | Q22: 0 | R22: 0 | S22: 2 | T22: 0.66666667
A23: 202210 | B23: {=IF(RIGHT($A23,2)="10",_xlfn.XLOOKUP("BIO"&$A23,[1]PROGRAMA!$A:$A&[1]PROGRAMA!$B:$B,[1]PROGRAMA!C:C,0),_xlfn.XLOOKUP("BIO"&$A23,[2]PROGRAMA!$A:$A&[2]PROGRAMA!$B:$B,[2]PROGRAMA!C:C,0))} -> 34 | C23: {=IF(RIGHT($A23,2)="10",_xlfn.XLOOKUP("BIO"&$A23,[1]PROGRAMA!$A:$A&[1]PROGRAMA!$B:$B,[1]PROGRAMA!D:D,0),_xlfn.XLOOKUP("BIO"&$A23,[2]PROGRAMA!$A:$A&[2]PROGRAMA!$B:$B,[2]PROGRAMA!D:D,0))} -> 5 | D23: =IFERROR(C23/$B23,0) -> 0.14705882 | E23: {=IF(RIGHT($A23,2)="10",_xlfn.XLOOKUP("BIO"&$A23,[1]PROGRAMA!$A:$A&[1]PROGRAMA!$B:$B,[1]PROGRAMA!E:E,0),_xlfn.XLOOKUP("BIO"&$A23,[2]PROGRAMA!$A:$A&[2]PROGRAMA!$B:$B,[2]PROGRAMA!E:E,0))} -> 0 | F23: =IFERROR(E23/$B23,0) -> 0 | G23: =B23-C23 -> 29 | H23: =IFERROR(G23/$B23,0) -> 0.85294118 | M23: 202210 | N23: {=IF(RIGHT($A23,2)="10",_xlfn.XLOOKUP("BIO"&$A23,'[1]PROGRAMA 123'!$A:$A&'[1]PROGRAMA 123'!$B:$B,'[1]PROGRAMA 123'!C:C,0),_xlfn.XLOOKUP("BIO"&$A23,'[2]PROGRAMA 123'!$A:$A&'[2]PROGRAMA 123'!$B:$B,'[2]PROGRAMA 123'!C:C,0))} -> 24 | O23: {=IF(RIGHT($A23,2)="10",_xlfn.XLOOKUP("BIO"&$A23,'[1]PROGRAMA 123'!$A:$A&'[1]PROGRAMA 123'!$B:$B,'[1]PROGRAMA 123'!D:D,0),_xlfn.XLOOKUP("BIO"&$A23,'[2]PROGRAMA 123'!$A:$A&'[2]PROGRAMA 123'!$B:$B,'[2]PROGRAMA 123'!D:D,0))} -> 4 | P23: =IFERROR(O23/$N23,0) -> 0.16666667 | Q23: {=IF(RIGHT($A23,2)="10",_xlfn.XLOOKUP("BIO"&$A23,'[1]PROGRAMA 123'!$A:$A&'[1]PROGRAMA 123'!$B:$B,'[1]PROGRAMA 123'!E:E,0),_xlfn.XLOOKUP("BIO"&$A23,'[2]PROGRAMA 123'!$A:$A&'[2]PROGRAMA 123'!$B:$B,'[2]PROGRAMA 123'!E:E,0))} -> 0 | R23: =IFERROR(Q23/$N23,0) -> 0 | S23: =N23-O23 -> 20 | T23: =IFERROR(S23/$N23,0) -> 0.83333333
A24: 202220 | B24: {=IF(RIGHT($A24,2)="10",_xlfn.XLOOKUP("BIO"&$A24,[1]PROGRAMA!$A:$A&[1]PROGRAMA!$B:$B,[1]PROGRAMA!C:C,0),_xlfn.XLOOKUP("BIO"&$A24,[2]PROGRAMA!$A:$A&[2]PROGRAMA!$B:$B,[2]PROGRAMA!C:C,0))} -> 13 | C24: {=IF(RIGHT($A24,2)="10",_xlfn.XLOOKUP("BIO"&$A24,[1]PROGRAMA!$A:$A&[1]PROGRAMA!$B:$B,[1]PROGRAMA!D:D,0),_xlfn.XLOOKUP("BIO"&$A24,[2]PROGRAMA!$A:$A&[2]PROGRAMA!$B:$B,[2]PROGRAMA!D:D,0))} -> 2 | D24: =IFERROR(C24/$B24,0) -> 0.15384615 | E24: {=IF(RIGHT($A24,2)="10",_xlfn.XLOOKUP("BIO"&$A24,[1]PROGRAMA!$A:$A&[1]PROGRAMA!$B:$B,[1]PROGRAMA!E:E,0),_xlfn.XLOOKUP("BIO"&$A24,[2]PROGRAMA!$A:$A&[2]PROGRAMA!$B:$B,[2]PROGRAMA!E:E,0))} -> 0 | F24: =IFERROR(E24/$B24,0) -> 0 | G24: =B24-C24 -> 11 | H24: =IFERROR(G24/$B24,0) -> 0.84615385 | M24: 202220 | N24: {=IF(RIGHT($A24,2)="10",_xlfn.XLOOKUP("BIO"&$A24,'[1]PROGRAMA 123'!$A:$A&'[1]PROGRAMA 123'!$B:$B,'[1]PROGRAMA 123'!C:C,0),_xlfn.XLOOKUP("BIO"&$A24,'[2]PROGRAMA 123'!$A:$A&'[2]PROGRAMA 123'!$B:$B,'[2]PROGRAMA 123'!C:C,0))} -> 10 | O24: {=IF(RIGHT($A24,2)="10",_xlfn.XLOOKUP("BIO"&$A24,'[1]PROGRAMA 123'!$A:$A&'[1]PROGRAMA 123'!$B:$B,'[1]PROGRAMA 123'!D:D,0),_xlfn.XLOOKUP("BIO"&$A24,'[2]PROGRAMA 123'!$A:$A&'[2]PROGRAMA 123'!$B:$B,'[2]PROGRAMA 123'!D:D,0))} -> 2 | P24: =IFERROR(O24/$N24,0) -> 0.2 | Q24: {=IF(RIGHT($A24,2)="10",_xlfn.XLOOKUP("BIO"&$A24,'[1]PROGRAMA 123'!$A:$A&'[1]PROGRAMA 123'!$B:$B,'[1]PROGRAMA 123'!E:E,0),_xlfn.XLOOKUP("BIO"&$A24,'[2]PROGRAMA 123'!$A:$A&'[2]PROGRAMA 123'!$B:$B,'[2]PROGRAMA 123'!E:E,0))} -> 0 | R24: =IFERROR(Q24/$N24,0) -> 0 | S24: =N24-O24 -> 8 | T24: =IFERROR(S24/$N24,0) -> 0.8
A25: 202310 | B25: 21 | C25: 3 | D25: 0.14285714 | E25: 0 | F25: 0 | G25: 18 | H25: 0.85714286 | M25: 202310 | N25: 19 | O25: 3 | P25: 0.15789474 | Q25: 0 | R25: 0 | S25: 16 | T25: 0.84210526
A27: Indicador institucional - 1d. Retiro temprano % de retiro de las cohortes con 3 semestres de estudio calculado en una ventana de 1 año | M27: Indicador institucional - 3b. Retiro temprano 1, 2 y 3 % de retiro de las cohortes con 3 semestres de estudio calculado en una ventana de 1 año
A28: *2014 122-131 | B28: 2015 132-141 | C28: 2016 142-151 | D28: 2017 152-161 | E28: 2018 162-171 | F28: 2019 172-181 | G28: 2020 182-191 | H28: 2021 192-201 | I28: 2022 202-211 | J28: ='1d. Retiro temprano.'!K30 -> 2023 212-221 | K28: ='1d. Retiro temprano.'!L30 -> 2024-1*** 222 | M28: **2014 122-131 | N28: 2015 132-141 | O28: 2016 142-151 | P28: 2017 152-161 | Q28: 2018 162-171 | R28: 2019 172-181 | S28: 2020 182-191 | T28: 2021 192-201 | U28: 2022 202-211 | V28: =J28 -> 2023 212-221 | W28: =K28 -> 2024-1*** 222
A29: =D5 -> 0.15384615 | B29: =+((B6*D6)+(B7*D7))/(B6+B7) -> 0.51282051 | C29: =((B8*D8)+(B9*D9))/(B8+B9) -> 0.4565 | D29: =+((B10*D10)+(B11*D11))/(B10+B11) -> 0.4 | E29: =((B12*D12)+(B13*D13))/(B12+B13) -> 0.35294118 | F29: =((B14*D14)+(B15*D15))/(B14+B15) -> 0.38888889 | G29: =((B16*D16)+(B17*D17))/(B16+B17) -> 0.25 | H29: =((B18*D18)+(B19*D19))/(B18+B19) -> 0.20689655 | I29: =((B20*D20)+(B21*D21))/(B20+B21) -> 0.21621622 | J29: =(C22+C23)/(B22+B23) -> 0.15 | K29: =D24 -> 0.15384615 | M29: =P5 -> 0 | N29: =+((N6*P6)+(N7*P7))/(N6+N7) -> 0.46442857 | O29: =((N8*P8)+(N9*P9))/(N8+N9) -> 0.32376471 | P29: =+((N10*P10)+(N11*P11))/(N10+N11) -> 0.4 | Q29: =((N12*P12)+(N13*P13))/(N12+N13) -> 0.28125 | R29: =((N14*P14)+(N15*P15))/(N14+N15) -> 0.16666667 | S29: =((N16*P16)+(N17*P17))/(N16+N17) -> 0.27777778 | T29: =((N18*P18)+(N19*P19))/(N18+N19) -> 0.20833333 | U29: =((N20*P20)+(N21*P21))/(N20+N21) -> 0.13636364 | V29: =(O22+O23)/(N22+N23) -> 0.18518519 | W29: =P24 -> 0.2
A30: * para el año 2014 solo se tomó el porcentaje de retiro del periodo 131 porque no se contaba con el porcentaje del periodo 122
A31: ** Para el periodo 2024-1 sólo se tomo el procentaje de 202220 que a esa fecha de medición cumple 3 semestres de estudio cursado y están en su cuarto semestre. | M31: * para el año 2014 solo se tomó el porcentaje de retiro del periodo 131 porque no se contaba con el porcentaje del periodo 122
M32: ** Para el periodo 2024-1 sólo se tomo el procentaje de 202220 que a esa fecha de medición cumple 3 semestres de estudio cursado y están en su cuarto semestre.

Sheet QUI
A1: Fecha de corte: grados 2024-2. | M1: Fecha de corte: grados 2024-2.
A3: RETIRO TEMPRANO QUI | M3: RETIRO TEMPRANO QUI-ESTRATOS 1, 2 Y 3
A4: Periodo de ingreso - Estudiante | B4: No. Estudiantes | C4: No. Retirados | D4: % Retiro | E4: No. Graduados | F4: % Graduados | G4: Est. Activos | H4: % Activos | M4: Periodo de ingreso - Estudiante | N4: No. Estudiantes | O4: No. Retirados | P4: % Retiro | Q4: No. Graduados | R4: % Graduados | S4: Est. Activos | T4: % Activos
A5: 201310 | B5: 9 | C5: 5 | D5: 0.55555556 | E5: 0 | F5: 0 | G5: 4 | H5: 0.44444444 | M5: 201310 | N5: 7 | O5: 4 | P5: 0.57142857 | Q5: 0 | R5: 0 | S5: 3 | T5: 0.42857143
A6: 201320 | B6: 17 | C6: 8 | D6: 0.47058824 | E6: 0 | F6: 0 | G6: 9 | H6: 0.52941176 | M6: 201320 | N6: 11 | O6: 4 | P6: 0.36363636 | Q6: 0 | R6: 0 | S6: 7 | T6: 0.63636364
A7: 201410 | B7: 8 | C7: 5 | D7: 0.625 | E7: 0 | F7: 0 | G7: 3 | H7: 0.375 | M7: 201410 | N7: 7 | O7: 5 | P7: 0.714 | Q7: 0 | R7: 0 | S7: 2 | T7: 0.286
A8: 201420 | B8: 17 | C8: 8 | D8: 0.471 | E8: 0 | F8: 0 | G8: 9 | H8: 0.529 | M8: 201420 | N8: 10 | O8: 3 | P8: 0.3 | Q8: 0 | R8: 0 | S8: 7 | T8: 0.7
A9: 201510 | B9: 26 | C9: 10 | D9: 0.385 | E9: 0 | F9: 0 | G9: 16 | H9: 0.615 | M9: 201510 | N9: 24 | O9: 10 | P9: 0.417 | Q9: 0 | R9: 0 | S9: 14 | T9: 0.583
A10: 201520 | B10: 4 | C10: 3 | D10: 0.75 | E10: 0 | F10: 0 | G10: 1 | H10: 0.25 | M10: 201520 | N10: 3 | O10: 1 | P10: 0.33333333 | Q10: 0 | R10: 0 | S10: 2 | T10: 0.66666667
A11: 201610 | B11: 21 | C11: 7 | D11: 0.33333333 | E11: 0 | F11: 0 | G11: 14 | H11: 0.66666667 | M11: 201610 | N11: 18 | O11: 6 | P11: 0.33333333 | Q11: 0 | R11: 0 | S11: 12 | T11: 0.66666667
A12: 201620 | B12: 12 | C12: 5 | D12: 0.41666667 | E12: 0 | F12: 0 | G12: 7 | H12: 0.58333333 | M12: 201620 | N12: 5 | O12: 3 | P12: 0.6 | Q12: 0 | R12: 0 | S12: 2 | T12: 0.4
A13: 201710 | B13: 18 | C13: 4 | D13: 0.22222222 | E13: 0 | F13: 0 | G13: 14 | H13: 0.77777778 | M13: 201710 | N13: 16 | O13: 4 | P13: 0.25 | Q13: 0 | R13: 0 | S13: 12 | T13: 0.75
A14: 201720 | B14: 8 | C14: 0 | D14: 0 | E14: 0 | F14: 0 | G14: 8 | H14: 1 | M14: 201720 | N14: 5 | O14: 0 | P14: 0 | Q14: 0 | R14: 0 | S14: 5 | T14: 1
A15: 201810 | B15: 11 | C15: 1 | D15: 0.090909091 | E15: 0 | F15: 0 | G15: 10 | H15: 0.90909091 | M15: 201810 | N15: 9 | O15: 0 | P15: 0 | Q15: 0 | R15: 0 | S15: 9 | T15: 1
A16: 201820 | B16: 8 | C16: 0 | D16: 0 | E16: 0 | F16: 0 | G16: 8 | H16: 1 | M16: 201820 | N16: 4 | O16: 0 | P16: 0 | Q16: 0 | R16: 0 | S16: 4 | T16: 1
... A22: 202120 | B22: 8 | C22: 4 | D22: 0.5 | E22: 0 | F22: 0 | G22: 4 | H22: 0.5 | M22: 202120 | N22: 6 | O22: 3 | P22: 0.5 | Q22: 0 | R22: 0 | S22: 3 | T22: 0.5
A23: 202210 | B23: {=IF(RIGHT($A23,2)="10",_xlfn.XLOOKUP("QUI"&$A23,[1]PROGRAMA!$A:$A&[1]PROGRAMA!$B:$B,[1]PROGRAMA!C:C,0),_xlfn.XLOOKUP("QUI"&$A23,[2]PROGRAMA!$A:$A&[2]PROGRAMA!$B:$B,[2]PROGRAMA!C:C,0))} -> 13 | C23: {=IF(RIGHT($A23,2)="10",_xlfn.XLOOKUP("QUI"&$A23,[1]PROGRAMA!$A:$A&[1]PROGRAMA!$B:$B,[1]PROGRAMA!D:D,0),_xlfn.XLOOKUP("QUI"&$A23,[2]PROGRAMA!$A:$A&[2]PROGRAMA!$B:$B,[2]PROGRAMA!D:D,0))} -> 2 | D23: =IFERROR(C23/$B23,0) -> 0.15384615 | E23: {=IF(RIGHT($A23,2)="10",_xlfn.XLOOKUP("QUI"&$A23,[1]PROGRAMA!$A:$A&[1]PROGRAMA!$B:$B,[1]PROGRAMA!E:E,0),_xlfn.XLOOKUP("QUI"&$A23,[2]PROGRAMA!$A:$A&[2]PROGRAMA!$B:$B,[2]PROGRAMA!E:E,0))} -> 0 | F23: =IFERROR(E23/$B23,0) -> 0 | G23: =B23-C23 -> 11 | H23: =IFERROR(G23/$B23,0) -> 0.84615385 | M23: 202210 | N23: {=IF(RIGHT($A23,2)="10",_xlfn.XLOOKUP("QUI"&$A23,'[1]PROGRAMA 123'!$A:$A&'[1]PROGRAMA 123'!$B:$B,'[1]PROGRAMA 123'!C:C,0),_xlfn.XLOOKUP("QUI"&$A23,'[2]PROGRAMA 123'!$A:$A&'[2]PROGRAMA 123'!$B:$B,'[2]PROGRAMA 123'!C:C,0))} -> 9 | O23: {=IF(RIGHT($A23,2)="10",_xlfn.XLOOKUP("QUI"&$A23,'[1]PROGRAMA 123'!$A:$A&'[1]PROGRAMA 123'!$B:$B,'[1]PROGRAMA 123'!D:D,0),_xlfn.XLOOKUP("QUI"&$A23,'[2]PROGRAMA 123'!$A:$A&'[2]PROGRAMA 123'!$B:$B,'[2]PROGRAMA 123'!D:D,0))} -> 1 | P23: =IFERROR(O23/$N23,0) -> 0.11111111 | Q23: {=IF(RIGHT($A23,2)="10",_xlfn.XLOOKUP("QUI"&$A23,'[1]PROGRAMA 123'!$A:$A&'[1]PROGRAMA 123'!$B:$B,'[1]PROGRAMA 123'!E:E,0),_xlfn.XLOOKUP("QUI"&$A23,'[2]PROGRAMA 123'!$A:$A&'[2]PROGRAMA 123'!$B:$B,'[2]PROGRAMA 123'!E:E,0))} -> 0 | R23: =IFERROR(Q23/$N23,0) -> 0 | S23: =N23-O23 -> 8 | T23: =IFERROR(S23/$N23,0) -> 0.88888889
A24: 202220 | B24: {=IF(RIGHT($A24,2)="10",_xlfn.XLOOKUP("QUI"&$A24,[1]PROGRAMA!$A:$A&[1]PROGRAMA!$B:$B,[1]PROGRAMA!C:C,0),_xlfn.XLOOKUP("QUI"&$A24,[2]PROGRAMA!$A:$A&[2]PROGRAMA!$B:$B,[2]PROGRAMA!C:C,0))} -> 3 | C24: {=IF(RIGHT($A24,2)="10",_xlfn.XLOOKUP("QUI"&$A24,[1]PROGRAMA!$A:$A&[1]PROGRAMA!$B:$B,[1]PROGRAMA!D:D,0),_xlfn.XLOOKUP("QUI"&$A24,[2]PROGRAMA!$A:$A&[2]PROGRAMA!$B:$B,[2]PROGRAMA!D:D,0))} -> 0 | D24: =IFERROR(C24/$B24,0) -> 0 | E24: {=IF(RIGHT($A24,2)="10",_xlfn.XLOOKUP("QUI"&$A24,[1]PROGRAMA!$A:$A&[1]PROGRAMA!$B:$B,[1]PROGRAMA!E:E,0),_xlfn.XLOOKUP("QUI"&$A24,[2]PROGRAMA!$A:$A&[2]PROGRAMA!$B:$B,[2]PROGRAMA!E:E,0))} -> 0 | F24: =IFERROR(E24/$B24,0) -> 0 | G24: =B24-C24 -> 3 | H24: =IFERROR(G24/$B24,0) -> 1 | M24: 202220 | N24: {=IF(RIGHT($A24,2)="10",_xlfn.XLOOKUP("QUI"&$A24,'[1]PROGRAMA 123'!$A:$A&'[1]PROGRAMA 123'!$B:$B,'[1]PROGRAMA 123'!C:C,0),_xlfn.XLOOKUP("QUI"&$A24,'[2]PROGRAMA 123'!$A:$A&'[2]PROGRAMA 123'!$B:$B,'[2]PROGRAMA 123'!C:C,0))} -> 3 | O24: {=IF(RIGHT($A24,2)="10",_xlfn.XLOOKUP("QUI"&$A24,'[1]PROGRAMA 123'!$A:$A&'[1]PROGRAMA 123'!$B:$B,'[1]PROGRAMA 123'!D:D,0),_xlfn.XLOOKUP("QUI"&$A24,'[2]PROGRAMA 123'!$A:$A&'[2]PROGRAMA 123'!$B:$B,'[2]PROGRAMA 123'!D:D,0))} -> 0 | P24: =IFERROR(O24/$N24,0) -> 0 | Q24: {=IF(RIGHT($A24,2)="10",_xlfn.XLOOKUP("QUI"&$A24,'[1]PROGRAMA 123'!$A:$A&'[1]PROGRAMA 123'!$B:$B,'[1]PROGRAMA 123'!E:E,0),_xlfn.XLOOKUP("QUI"&$A24,'[2]PROGRAMA 123'!$A:$A&'[2]PROGRAMA 123'!$B:$B,'[2]PROGRAMA 123'!E:E,0))} -> 0 | R24: =IFERROR(Q24/$N24,0) -> 0 | S24: =N24-O24 -> 3 | T24: =IFERROR(S24/$N24,0) -> 1
A25: 202310 | B25: 10 | C25: 6 | D25: 0.6 | E25: 0 | F25: 0 | G25: 4 | H25: 0.4 | M25: 202310 | N25: 7 | O25: 4 | P25: 0.57142857 | Q25: 0 | R25: 0 | S25: 3 | T25: 0.42857143
A27: Indicador institucional - 1d. Retiro temprano % de retiro de las cohortes con 3 semestres de estudio calculado en una ventana de 1 año | M27: Indicador institucional - 3b. Retiro temprano 1, 2 y 3 % de retiro de las cohortes con 3 semestres de estudio calculado en una ventana de 1 año
A28: *2014 122-131 | B28: 2015 132-141 | C28: 2016 142-151 | D28: 2017 152-161 | E28: 2018 162-171 | F28: 2019 172-181 | G28: 2020 182-191 | H28: 2021 192-201 | I28: 2022 202-211 | J28: ='1d. Retiro temprano.'!K30 -> 2023 212-221 | K28: ='1d. Retiro temprano.'!L30 -> 2024-1*** 222 | M28: **2014 122-131 | N28: 2015 132-141 | O28: 2016 142-151 | P28: 2017 152-161 | Q28: 2018 162-171 | R28: 2019 172-181 | S28: 2020 182-191 | T28: 2021 192-201 | U28: 2022 202-211 | V28: =J28 -> 2023 212-221 | W28: =K28 -> 2024-1*** 222
A29: =D5 -> 0.55555556 | B29: =+((B6*D6)+(B7*D7))/(B6+B7) -> 0.52 | C29: =((B8*D8)+(B9*D9))/(B8+B9) -> 0.419 | D29: =+((B10*D10)+(B11*D11))/(B10+B11) -> 0.4 | E29: =((B12*D12)+(B13*D13))/(B12+B13) -> 0.3 | F29: =((B14*D14)+(B15*D15))/(B14+B15) -> 0.052631579 | G29: =((B16*D16)+(B17*D17))/(B16+B17) -> 0 | H29: =((B18*D18)+(B19*D19))/(B18+B19) -> 0.44444444 | I29: =((B20*D20)+(B21*D21))/(B20+B21) -> 0.125 | J29: =(C22+C23)/(B22+B23) -> 0.28571429 | K29: =D24 -> 0 | M29: =P5 -> 0.57142857 | N29: =+((N6*P6)+(N7*P7))/(N6+N7) -> 0.49988889 | O29: =((N8*P8)+(N9*P9))/(N8+N9) -> 0.38258824 | P29: =+((N10*P10)+(N11*P11))/(N10+N11) -> 0.33333333 | Q29: =((N12*P12)+(N13*P13))/(N12+N13) -> 0.33333333 | R29: =((N14*P14)+(N15*P15))/(N14+N15) -> 0 | S29: =((N16*P16)+(N17*P17))/(N16+N17) -> 0 | T29: =((N18*P18)+(N19*P19))/(N18+N19) -> 0.4 | U29: =((N20*P20)+(N21*P21))/(N20+N21) -> 0.2 | V29: =(O22+O23)/(N22+N23) -> 0.26666667 | W29: =P24 -> 0
A30: * para el año 2014 solo se tomó el porcentaje de retiro del periodo 131 porque no se contaba con el porcentaje del periodo 122 | M30: * para el año 2014 solo se tomó el porcentaje de retiro del periodo 131 porque no se contaba con el porcentaje del periodo 122
A31: ** Para el periodo 2024-1 sólo se tomo el procentaje de 202220 que a esa fecha de medición cumple 3 semestres de estudio cursado y están en su cuarto semestre. | M31: ** Para el periodo 2024-1 sólo se tomo el procentaje de 202220 que a esa fecha de medición cumple 3 semestres de estudio cursado y están en su cuarto semestre.

Sheet QUF
A1: Fecha de corte: grados 2024-2. | M1: Fecha de corte: grados 2024-2.
A3: RETIRO TEMPRANO QUF | M3: RETIRO TEMPRANO QUF ESTRATOS 1, 2 Y 3
A4: Periodo de ingreso - Estudiante | B4: No. Estudiantes | C4: No. Retirados | D4: % Retiro | E4: No. Graduados | F4: % Graduados | G4: Est. Activos | H4: % Activos | M4: Periodo de ingreso - Estudiante | N4: No. Estudiantes | O4: No. Retirados | P4: % Retiro | Q4: No. Graduados | R4: % Graduados | S4: Est. Activos | T4: % Activos
A5: 201310 | B5: 40 | C5: 19 | D5: 0.475 | E5: 0 | F5: 0 | G5: 21 | H5: 0.525 | M5: 201310 | N5: 35 | O5: 16 | P5: 0.45714286 | Q5: 0 | R5: 0 | S5: 19 | T5: 0.54285714
A6: 201320 | B6: 45 | C6: 17 | D6: 0.37777778 | E6: 0 | F6: 0 | G6: 28 | H6: 0.62222222 | M6: 201320 | N6: 26 | O6: 9 | P6: 0.34615385 | Q6: 0 | R6: 0 | S6: 17 | T6: 0.65384615
A7: 201410 | B7: 44 | C7: 14 | D7: 0.318 | E7: 0 | F7: 0 | G7: 30 | H7: 0.682 | M7: 201410 | N7: 38 | O7: 12 | P7: 0.316 | Q7: 0 | R7: 0 | S7: 26 | T7: 0.684
A8: 201420 | B8: 72 | C8: 28 | D8: 0.389 | E8: 0 | F8: 0 | G8: 44 | H8: 0.611 | M8: 201420 | N8: 52 | O8: 20 | P8: 0.385 | Q8: 0 | R8: 0 | S8: 32 | T8: 0.615
A9: 201510 | B9: 66 | C9: 15 | D9: 0.227 | E9: 0 | F9: 0 | G9: 51 | H9: 0.773 | M9: 201510 | N9: 58 | O9: 15 | P9: 0.259 | Q9: 0 | R9: 0 | S9: 43 | T9: 0.741
A10: 201520 | B10: 36 | C10: 8 | D10: 0.22222222 | E10: 0 | F10: 0 | G10: 28 | H10: 0.77777778 | M10: 201520 | N10: 19 | O10: 3 | P10: 0.15789474 | Q10: 0 | R10: 0 | S10: 16 | T10: 0.84210526
A11: 201610 | B11: 58 | C11: 13 | D11: 0.22413793 | E11: 0 | F11: 0 | G11: 45 | H11: 0.77586207 | M11: 201610 | N11: 51 | O11: 11 | P11: 0.21568627 | Q11: 0 | R11: 0 | S11: 40 | T11: 0.78431373
A12: 201620 | B12: 54 | C12: 16 | D12: 0.2962963 | E12: 0 | F12: 0 | G12: 38 | H12: 0.7037037 | M12: 201620 | N12: 25 | O12: 9 | P12: 0.36 | Q12: 0 | R12: 0 | S12: 16 | T12: 0.64
A13: 201710 | B13: 73 | C13: 18 | D13: 0.24657534 | E13: 0 | F13: 0 | G13: 55 | H13: 0.75342466 | M13: 201710 | N13: 59 | O13: 12 | P13: 0.20338983 | Q13: 0 | R13: 0 | S13: 47 | T13: 0.79661017
A14: 201720 | B14: 49 | C14: 14 | D14: 0.28571429 | E14: 0 | F14: 0 | G14: 35 | H14: 0.71428571 | M14: 201720 | N14: 30 | O14: 8 | P14: 0.26666667 | Q14: 0 | R14: 0 | S14: 22 | T14: 0.73333333
A15: 201810 | B15: 61 | C15: 10 | D15: 0.16393443 | E15: 0 | F15: 0 | G15: 51 | H15: 0.83606557 | M15: 201810 | N15: 48 | O15: 7 | P15: 0.14583333 | Q15: 0 | R15: 0 | S15: 41 | T15: 0.85416667
A16: 201820 | B16: 39 | C16: 8 | D16: 0.20512821 | E16: 0 | F16: 0 | G16: 31 | H16: 0.79487179 | M16: 201820 | N16: 18 | O16: 5 | P16: 0.27777778 | Q16: 0 | R16: 0 | S16: 13 | T16: 0.72222222
... A22: 202120 | B22: 40 | C22: 6 | D22: 0.15 | E22: 0 | F22: 0 | G22: 34 | H22: 0.85 | M22: 202120 | N22: 25 | O22: 4 | P22: 0.16 | Q22: 0 | R22: 0 | S22: 21 | T22: 0.84
A23: 202210 | B23: {=IF(RIGHT($A23,2)="10",_xlfn.XLOOKUP("QUF"&$A23,[1]PROGRAMA!$A:$A&[1]PROGRAMA!$B:$B,[1]PROGRAMA!C:C,0),_xlfn.XLOOKUP("QUF"&$A23,[2]PROGRAMA!$A:$A&[2]PROGRAMA!$B:$B,[2]PROGRAMA!C:C,0))} -> 64 | C23: {=IF(RIGHT($A23,2)="10",_xlfn.XLOOKUP("QUF"&$A23,[1]PROGRAMA!$A:$A&[1]PROGRAMA!$B:$B,[1]PROGRAMA!D:D,0),_xlfn.XLOOKUP("QUF"&$A23,[2]PROGRAMA!$A:$A&[2]PROGRAMA!$B:$B,[2]PROGRAMA!D:D,0))} -> 13 | D23: =IFERROR(C23/$B23,0) -> 0.203125 | E23: {=IF(RIGHT($A23,2)="10",_xlfn.XLOOKUP("QUF"&$A23,[1]PROGRAMA!$A:$A&[1]PROGRAMA!$B:$B,[1]PROGRAMA!E:E,0),_xlfn.XLOOKUP("QUF"&$A23,[2]PROGRAMA!$A:$A&[2]PROGRAMA!$B:$B,[2]PROGRAMA!E:E,0))} -> 0 | F23: =IFERROR(E23/$B23,0) -> 0 | G23: =B23-C23 -> 51 | H23: =IFERROR(G23/$B23,0) -> 0.796875 | M23: 202210 | N23: {=IF(RIGHT($A23,2)="10",_xlfn.XLOOKUP("QUF"&$A23,'[1]PROGRAMA 123'!$A:$A&'[1]PROGRAMA 123'!$B:$B,'[1]PROGRAMA 123'!C:C,0),_xlfn.XLOOKUP("QUF"&$A23,'[2]PROGRAMA 123'!$A:$A&'[2]PROGRAMA 123'!$B:$B,'[2]PROGRAMA 123'!C:C,0))} -> 49 | O23: {=IF(RIGHT($A23,2)="10",_xlfn.XLOOKUP("QUF"&$A23,'[1]PROGRAMA 123'!$A:$A&'[1]PROGRAMA 123'!$B:$B,'[1]PROGRAMA 123'!D:D,0),_xlfn.XLOOKUP("QUF"&$A23,'[2]PROGRAMA 123'!$A:$A&'[2]PROGRAMA 123'!$B:$B,'[2]PROGRAMA 123'!D:D,0))} -> 7 | P23: =IFERROR(O23/$N23,0) -> 0.14285714 | Q23: {=IF(RIGHT($A23,2)="10",_xlfn.XLOOKUP("QUF"&$A23,'[1]PROGRAMA 123'!$A:$A&'[1]PROGRAMA 123'!$B:$B,'[1]PROGRAMA 123'!E:E,0),_xlfn.XLOOKUP("QUF"&$A23,'[2]PROGRAMA 123'!$A:$A&'[2]PROGRAMA 123'!$B:$B,'[2]PROGRAMA 123'!E:E,0))} -> 0 | R23: =IFERROR(Q23/$N23,0) -> 0 | S23: =N23-O23 -> 42 | T23: =IFERROR(S23/$N23,0) -> 0.85714286
A24: 202220 | B24: {=IF(RIGHT($A24,2)="10",_xlfn.XLOOKUP("QUF"&$A24,[1]PROGRAMA!$A:$A&[1]PROGRAMA!$B:$B,[1]PROGRAMA!C:C,0),_xlfn.XLOOKUP("QUF"&$A24,[2]PROGRAMA!$A:$A&[2]PROGRAMA!$B:$B,[2]PROGRAMA!C:C,0))} -> 46 | C24: {=IF(RIGHT($A24,2)="10",_xlfn.XLOOKUP("QUF"&$A24,[1]PROGRAMA!$A:$A&[1]PROGRAMA!$B:$B,[1]PROGRAMA!D:D,0),_xlfn.XLOOKUP("QUF"&$A24,[2]PROGRAMA!$A:$A&[2]PROGRAMA!$B:$B,[2]PROGRAMA!D:D,0))} -> 9 | D24: =IFERROR(C24/$B24,0) -> 0.19565217 | E24: {=IF(RIGHT($A24,2)="10",_xlfn.XLOOKUP("QUF"&$A24,[1]PROGRAMA!$A:$A&[1]PROGRAMA!$B:$B,[1]PROGRAMA!E:E,0),_xlfn.XLOOKUP("QUF"&$A24,[2]PROGRAMA!$A:$A&[2]PROGRAMA!$B:$B,[2]PROGRAMA!E:E,0))} -> 0 | F24: =IFERROR(E24/$B24,0) -> 0 | G24: =B24-C24 -> 37 | H24: =IFERROR(G24/$B24,0) -> 0.80434783 | M24: 202220 | N24: {=IF(RIGHT($A24,2)="10",_xlfn.XLOOKUP("QUF"&$A24,'[1]PROGRAMA 123'!$A:$A&'[1]PROGRAMA 123'!$B:$B,'[1]PROGRAMA 123'!C:C,0),_xlfn.XLOOKUP("QUF"&$A24,'[2]PROGRAMA 123'!$A:$A&'[2]PROGRAMA 123'!$B:$B,'[2]PROGRAMA 123'!C:C,0))} -> 31 | O24: {=IF(RIGHT($A24,2)="10",_xlfn.XLOOKUP("QUF"&$A24,'[1]PROGRAMA 123'!$A:$A&'[1]PROGRAMA 123'!$B:$B,'[1]PROGRAMA 123'!D:D,0),_xlfn.XLOOKUP("QUF"&$A24,'[2]PROGRAMA 123'!$A:$A&'[2]PROGRAMA 123'!$B:$B,'[2]PROGRAMA 123'!D:D,0))} -> 3 | P24: =IFERROR(O24/$N24,0) -> 0.096774194 | Q24: {=IF(RIGHT($A24,2)="10",_xlfn.XLOOKUP("QUF"&$A24,'[1]PROGRAMA 123'!$A:$A&'[1]PROGRAMA 123'!$B:$B,'[1]PROGRAMA 123'!E:E,0),_xlfn.XLOOKUP("QUF"&$A24,'[2]PROGRAMA 123'!$A:$A&'[2]PROGRAMA 123'!$B:$B,'[2]PROGRAMA 123'!E:E,0))} -> 0 | R24: =IFERROR(Q24/$N24,0) -> 0 | S24: =N24-O24 -> 28 | T24: =IFERROR(S24/$N24,0) -> 0.90322581
A25: 202310 | B25: 48 | C25: 9 | D25: 0.1875 | E25: 0 | F25: 0 | G25: 39 | H25: 0.8125 | M25: 202310 | N25: 41 | O25: 7 | P25: 0.17073171 | Q25: 0 | R25: 0 | S25: 34 | T25: 0.82926829
A27: Indicador institucional - 1d. Retiro temprano % de retiro de las cohortes con 3 semestres de estudio calculado en una ventana de 1 año | M27: Indicador institucional - 3b. Retiro temprano 1, 2 y 3 % de retiro de las cohortes con 3 semestres de estudio calculado en una ventana de 1 año
A28: *2014 122-131 | B28: 2015 132-141 | C28: 2016 142-151 | D28: 2017 152-161 | E28: 2018 162-171 | F28: 2019 172-181 | G28: 2020 182-191 | H28: 2021 192-201 | I28: 2022 202-211 | J28: ='1d. Retiro temprano.'!K30 -> 2023 212-221 | K28: ='1d. Retiro temprano.'!L30 -> 2024-1*** 222 | M28: *2014 122-131 | N28: 2015 132-141 | O28: 2016 142-151 | P28: 2017 152-161 | Q28: 2018 162-171 | R28: 2019 172-181 | S28: 2020 182-191 | T28: 2021 192-201 | U28: 2022 202-211 | V28: =J28 -> 2023 212-221 | W28: =K28 -> 2024-1*** 222
A29: =D5 -> 0.475 | B29: =+((B6*D6)+(B7*D7))/(B6+B7) -> 0.34822472 | C29: =((B8*D8)+(B9*D9))/(B8+B9) -> 0.31152174 | D29: =+((B10*D10)+(B11*D11))/(B10+B11) -> 0.22340426 | E29: =((B12*D12)+(B13*D13))/(B12+B13) -> 0.26771654 | F29: =((B14*D14)+(B15*D15))/(B14+B15) -> 0.21818182 | G29: =((B16*D16)+(B17*D17))/(B16+B17) -> 0.14634146 | H29: =((B18*D18)+(B19*D19))/(B18+B19) -> 0.14285714 | I29: =((B20*D20)+(B21*D21))/(B20+B21) -> 0.081632653 | J29: =(C22+C23)/(B22+B23) -> 0.18269231 | K29: =D24 -> 0.19565217 | M29: =P5 -> 0.45714286 | N29: =+((N6*P6)+(N7*P7))/(N6+N7) -> 0.32825 | O29: =((N8*P8)+(N9*P9))/(N8+N9) -> 0.31856364 | P29: =+((N10*P10)+(N11*P11))/(N10+N11) -> 0.2 | Q29: =((N12*P12)+(N13*P13))/(N12+N13) -> 0.25 | R29: =((N14*P14)+(N15*P15))/(N14+N15) -> 0.19230769 | S29: =((N16*P16)+(N17*P17))/(N16+N17) -> 0.15686275 | T29: =((N18*P18)+(N19*P19))/(N18+N19) -> 0.13793103 | U29: =((N20*P20)+(N21*P21))/(N20+N21) -> 0.044117647 | V29: =(O22+O23)/(N22+N23) -> 0.14864865 | W29: =P24 -> 0.096774194
A30: * para el año 2014 solo se tomó el porcentaje de retiro del periodo 131 porque no se contaba con el porcentaje del periodo 122 | M30: * para el año 2014 solo se tomó el porcentaje de retiro del periodo 131 porque no se contaba con el porcentaje del periodo 122
A31: ** Para el periodo 2024-1 sólo se tomo el procentaje de 202220 que a esa fecha de medición cumple 3 semestres de estudio cursado y están en su cuarto semestre. | M31: ** Para el periodo 2024-1 sólo se tomo el procentaje de 202220 que a esa fecha de medición cumple 3 semestres de estudio cursado y están en su cuarto semestre.

Sheet FCH
A1: Fecha de corte: grados 2024-2. | L1: Fecha de corte: grados 2024-2.
A3: RETIRO TEMPRANO FCH | L3: RETIRO TEMPRANO FCH-ESTRATOS 1,2 Y 3
A5: Periodo de ingreso - Estudiante | B5: No. Estudiantes al periodo de ingreso | C5: No. Retirados al iniciar el 4to semestre | D5: % Retiro al iniciar el 4to semestre | E5: No. Graduados al iniciar el 4to semestre | F5: % Graduados al iniciar el 4to semestre | G5: Est. Activos al iniciar 4to semestre | H5: % Activos de estudiantes activos al iniciar 4to semestre | L5: Periodo de ingreso - Estudiante | M5: No. Estudiantes al periodo de ingreso | N5: No. Retirados al iniciar el 4to semestre | O5: % Retiro al iniciar el 4to semestre | P5: No. Graduados al iniciar el 4to semestre | Q5: % Graduados al iniciar el 4to semestre | R5: Est. Activos al iniciar 4to semestre | S5: % Activos de estudiantes activos al iniciar 4to semestre
A6: 202120 | B6: 118 | C6: 29 | D6: 0.24576271 | E6: 0 | F6: 0 | G6: 89 | H6: 0.75423729 | L6: 202120 | M6: 63 | N6: 12 | O6: 0.19047619 | P6: 0 | Q6: 0 | R6: 51 | S6: 0.80952381
A7: 202210 | B7: =IF(RIGHT($A7,2)="10",_xlfn.XLOOKUP($A7,[1]FCH!$B:$B,[1]FCH!C:C,0),_xlfn.XLOOKUP($A7,[2]FCH!$K:$K,[2]FCH!L:L,0)) -> 276 | C7: =IF(RIGHT($A7,2)="10",_xlfn.XLOOKUP($A7,[1]FCH!$B:$B,[1]FCH!D:D,0),_xlfn.XLOOKUP($A7,[2]FCH!$K:$K,[2]FCH!M:M,0)) -> 34 | D7: =IFERROR(C7/$B7,0) -> 0.12318841 | E7: =IF(RIGHT($A7,2)="10",_xlfn.XLOOKUP($A7,[1]FCH!$B:$B,[1]FCH!F:F,0),_xlfn.XLOOKUP($A7,[2]FCH!$K:$K,[2]FCH!O:O,0)) -> 0 | F7: =IFERROR(E7/$B7,0) -> 0 | G7: =B7-C7 -> 242 | H7: =IFERROR(G7/$B7,0) -> 0.87681159 | L7: 202210 | M7: =IF(RIGHT($A7,2)="10",_xlfn.XLOOKUP($A7,'[1]FCAE 123'!$B:$B,'[1]FCAE 123'!C:C,0),_xlfn.XLOOKUP($A7,'[2]FCAE 123'!$K:$K,'[2]FCAE 123'!L:L,0)) -> 159 | N7: =IF(RIGHT($A7,2)="10",_xlfn.XLOOKUP($A7,'[1]FCAE 123'!$B:$B,'[1]FCAE 123'!D:D,0),_xlfn.XLOOKUP($A7,'[2]FCAE 123'!$K:$K,'[2]FCAE 123'!M:M,0)) -> 24 | O7: =IFERROR(N7/$B7,0) -> 0.086956522 | P7: =IF(RIGHT($A7,2)="10",_xlfn.XLOOKUP($A7,'[1]FCAE 123'!$B:$B,'[1]FCAE 123'!F:F,0),_xlfn.XLOOKUP($A7,'[2]FCAE 123'!$K:$K,'[2]FCAE 123'!O:O,0)) -> 0 | Q7: =IFERROR(P7/$B7,0) -> 0 | R7: =M7-N7 -> 135 | S7: =IFERROR(R7/$B7,0) -> 0.48913043
A8: 202220 | B8: =IF(RIGHT($A8,2)="10",_xlfn.XLOOKUP($A8,[1]FCH!$B:$B,[1]FCH!C:C,0),_xlfn.XLOOKUP($A8,[2]FCH!$K:$K,[2]FCH!L:L,0)) -> 166 | C8: =IF(RIGHT($A8,2)="10",_xlfn.XLOOKUP($A8,[1]FCH!$B:$B,[1]FCH!D:D,0),_xlfn.XLOOKUP($A8,[2]FCH!$K:$K,[2]FCH!M:M,0)) -> 33 | D8: =IFERROR(C8/$B8,0) -> 0.19879518 | E8: =IF(RIGHT($A8,2)="10",_xlfn.XLOOKUP($A8,[1]FCH!$B:$B,[1]FCH!F:F,0),_xlfn.XLOOKUP($A8,[2]FCH!$K:$K,[2]FCH!O:O,0)) -> 0 | F8: =IFERROR(E8/$B8,0) -> 0 | G8: =B8-C8 -> 133 | H8: =IFERROR(G8/$B8,0) -> 0.80120482 | L8: 202220 | M8: =IF(RIGHT($A8,2)="10",_xlfn.XLOOKUP($A8,'[1]FCAE 123'!$B:$B,'[1]FCAE 123'!C:C,0),_xlfn.XLOOKUP($A8,'[2]FCAE 123'!$K:$K,'[2]FCAE 123'!L:L,0)) -> 97 | N8: =IF(RIGHT($A8,2)="10",_xlfn.XLOOKUP($A8,'[1]FCAE 123'!$B:$B,'[1]FCAE 123'!D:D,0),_xlfn.XLOOKUP($A8,'[2]FCAE 123'!$K:$K,'[2]FCAE 123'!M:M,0)) -> 20 | O8: =IFERROR(N8/$B8,0) -> 0.12048193 | P8: =IF(RIGHT($A8,2)="10",_xlfn.XLOOKUP($A8,'[1]FCAE 123'!$B:$B,'[1]FCAE 123'!F:F,0),_xlfn.XLOOKUP($A8,'[2]FCAE 123'!$K:$K,'[2]FCAE 123'!O:O,0)) -> 0 | Q8: =IFERROR(P8/$B8,0) -> 0 | R8: =M8-N8 -> 77 | S8: =IFERROR(R8/$B8,0) -> 0.46385542
A9: 202310 | B9: 234 | C9: 34 | D9: =C9/B9 -> 0.14529915 | E9: 0 | F9: =E9/B9 -> 0 | G9: 200 | H9: =(B9-C9-E9)/B9 -> 0.85470085 | L9: 202310 | M9: 150 | N9: 22 | O9: =N9/M9 -> 0.14666667 | P9: 0 | Q9: =P9/M9 -> 0 | R9: 128 | S9: =(M9-N9-P9)/M9 -> 0.85333333
A11: Indicador institucional - 1d. Retiro temprano % de retiro de las cohortes con 3 semestres de estudio calculado en una ventana de 1 año | L11: Indicador institucional - 3b. Retiro temprano 1, 2 y 3 % de retiro de las cohortes con 3 semestres de estudio calculado en una ventana de 1 año
A12: ='1d. Retiro temprano.'!K30 -> 2023 212-221 | B12: ='1d. Retiro temprano.'!L30 -> 2024-1*** 222 | L12: =A12 -> 2023 212-221 | M12: =B12 -> 2024-1*** 222
A13: =(C6+C7)/(B6+B7) -> 0.15989848 | B13: =D8 -> 0.19879518 | L13: =(N6+N7)/(M6+M7) -> 0.16216216 | M13: =O8 -> 0.12048193
A15: ** Para el periodo 2024-1 sólo se tomo el procentaje de 202220 que a esa fecha de medición cumple 3 semestres de estudio cursado y están en su cuarto semestre. | L15: ** Para el periodo 2024-1 sólo se tomo el procentaje de 202220 que a esa fecha de medición cumple 3 semestres de estudio cursado y están en su cuarto semestre.

Sheet DER
A1: Fecha de corte: grados 2024-2. | M1: Fecha de corte: grados 2024-2.
A3: RETIRO TEMPRANO DER | M3: RETIRO TEMPRANO DER-ESTRATOS 1, 2 Y 3
A4: Periodo de ingreso - Estudiante | B4: No. Estudiantes al periodo de ingreso | C4: No. Retirados al iniciar el 4to semestre | D4: % Retiro al iniciar el 4to semestre | E4: No. Graduados al iniciar el 4to semestre | F4: % Graduados al iniciar el 4to semestre | G4: Est. Activos al iniciar 4to semestre | H4: % Activos de estudiantes activos al iniciar 4to semestre | M4: Periodo de ingreso - Estudiante | N4: No. Estudiantes al periodo de ingreso | O4: No. Retirados al iniciar el 4to semestre | P4: % Retiro al iniciar el 4to semestre | Q4: No. Graduados al iniciar el 4to semestre | R4: % Graduados al iniciar el 4to semestre | S4: Est. Activos al iniciar 4to semestre | T4: % Activos de estudiantes activos al iniciar 4to semestre
A5: 201310 | B5: 28 | C5: 4 | D5: 0.14285714 | E5: 0 | F5: 0 | G5: 24 | H5: 0.85714286 | M5: 201310 | N5: 22 | O5: 3 | P5: 0.13636364 | Q5: 0 | R5: 0 | S5: 19 | T5: 0.86363636
A6: 201320 | B6: 27 | C6: 7 | D6: 0.25925926 | E6: 0 | F6: 0 | G6: 20 | H6: 0.74074074 | M6: 201320 | N6: 12 | O6: 4 | P6: 0.33333333 | Q6: 0 | R6: 0 | S6: 8 | T6: 0.66666667
A7: 201410 | B7: 24 | C7: 7 | D7: 0.292 | E7: 0 | F7: 0 | G7: 17 | H7: 0.708 | M7: 201410 | N7: 19 | O7: 6 | P7: 0.316 | Q7: 0 | R7: 0 | S7: 13 | T7: 0.684
A8: 201420 | B8: 38 | C8: 10 | D8: 0.263 | E8: 0 | F8: 0 | G8: 28 | H8: 0.737 | M8: 201420 | N8: 13 | O8: 6 | P8: 0.462 | Q8: 0 | R8: 0 | S8: 7 | T8: 0.538
A9: 201510 | B9: 78 | C9: 19 | D9: 0.244 | E9: 0 | F9: 0 | G9: 59 | H9: 0.756 | M9: 201510 | N9: 66 | O9: 16 | P9: 0.242 | Q9: 0 | R9: 0 | S9: 50 | T9: 0.758
A10: 201520 | B10: 36 | C10: 7 | D10: 0.19444444 | E10: 0 | F10: 0 | G10: 29 | H10: 0.80555556 | M10: 201520 | N10: 17 | O10: 4 | P10: 0.23529412 | Q10: 0 | R10: 0 | S10: 13 | T10: 0.76470588
A11: 201610 | B11: 98 | C11: 26 | D11: 0.26530612 | E11: 0 | F11: 0 | G11: 72 | H11: 0.73469388 | M11: 201610 | N11: 85 | O11: 24 | P11: 0.28235294 | Q11: 0 | R11: 0 | S11: 61 | T11: 0.71764706
A12: 201620 | B12: 38 | C12: 8 | D12: 0.21052632 | E12: 0 | F12: 0 | G12: 30 | H12: 0.78947368 | M12: 201620 | N12: 18 | O12: 4 | P12: 0.22222222 | Q12: 0 | R12: 0 | S12: 14 | T12: 0.77777778
A13: 201710 | B13: 71 | C13: 16 | D13: 0.22535211 | E13: 0 | F13: 0 | G13: 55 | H13: 0.77464789 | M13: 201710 | N13: 57 | O13: 14 | P13: 0.24561404 | Q13: 0 | R13: 0 | S13: 43 | T13: 0.75438596
A14: 201720 | B14: 48 | C14: 5 | D14: 0.10416667 | E14: 0 | F14: 0 | G14: 43 | H14: 0.89583333 | M14: 201720 | N14: 25 | O14: 2 | P14: 0.08 | Q14: 0 | R14: 0 | S14: 23 | T14: 0.92
A15: 201810 | B15: 57 | C15: 8 | D15: 0.14035088 | E15: 0 | F15: 0 | G15: 49 | H15: 0.85964912 | M15: 201810 | N15: 37 | O15: 5 | P15: 0.13513514 | Q15: 0 | R15: 0 | S15: 32 | T15: 0.86486486
A16: 201820 | B16: 42 | C16: 11 | D16: 0.26190476 | E16: 0 | F16: 0 | G16: 31 | H16: 0.73809524 | M16: 201820 | N16: 19 | O16: 4 | P16: 0.21052632 | Q16: 0 | R16: 0 | S16: 15 | T16: 0.78947368
... A22: 202120 | B22: 29 | C22: 7 | D22: 0.24137931 | E22: 0 | F22: 0 | G22: 22 | H22: 0.75862069 | M22: 202120 | N22: 10 | O22: 3 | P22: 0.3 | Q22: 0 | R22: 0 | S22: 7 | T22: 0.7
A23: 202210 | B23: {=IF(RIGHT($A23,2)="10",_xlfn.XLOOKUP("DER"&$A23,[1]PROGRAMA!$A:$A&[1]PROGRAMA!$B:$B,[1]PROGRAMA!C:C,0),_xlfn.XLOOKUP("DER"&$A23,[2]PROGRAMA!$A:$A&[2]PROGRAMA!$B:$B,[2]PROGRAMA!C:C,0))} -> 53 | C23: {=IF(RIGHT($A23,2)="10",_xlfn.XLOOKUP("DER"&$A23,[1]PROGRAMA!$A:$A&[1]PROGRAMA!$B:$B,[1]PROGRAMA!D:D,0),_xlfn.XLOOKUP("DER"&$A23,[2]PROGRAMA!$A:$A&[2]PROGRAMA!$B:$B,[2]PROGRAMA!D:D,0))} -> 6 | D23: =IFERROR(C23/$B23,0) -> 0.11320755 | E23: {=IF(RIGHT($A23,2)="10",_xlfn.XLOOKUP("DER"&$A23,[1]PROGRAMA!$A:$A&[1]PROGRAMA!$B:$B,[1]PROGRAMA!E:E,0),_xlfn.XLOOKUP("DER"&$A23,[2]PROGRAMA!$A:$A&[2]PROGRAMA!$B:$B,[2]PROGRAMA!E:E,0))} -> 0 | F23: =IFERROR(E23/$B23,0) -> 0 | G23: =B23-C23 -> 47 | H23: =IFERROR(G23/$B23,0) -> 0.88679245 | M23: 202210 | N23: {=IF(RIGHT($A23,2)="10",_xlfn.XLOOKUP("DER"&$A23,'[1]PROGRAMA 123'!$A:$A&'[1]PROGRAMA 123'!$B:$B,'[1]PROGRAMA 123'!C:C,0),_xlfn.XLOOKUP("DER"&$A23,'[2]PROGRAMA 123'!$A:$A&'[2]PROGRAMA 123'!$B:$B,'[2]PROGRAMA 123'!C:C,0))} -> 37 | O23: {=IF(RIGHT($A23,2)="10",_xlfn.XLOOKUP("DER"&$A23,'[1]PROGRAMA 123'!$A:$A&'[1]PROGRAMA 123'!$B:$B,'[1]PROGRAMA 123'!D:D,0),_xlfn.XLOOKUP("DER"&$A23,'[2]PROGRAMA 123'!$A:$A&'[2]PROGRAMA 123'!$B:$B,'[2]PROGRAMA 123'!D:D,0))} -> 3 | P23: =IFERROR(O23/$N23,0) -> 0.081081081 | Q23: {=IF(RIGHT($A23,2)="10",_xlfn.XLOOKUP("DER"&$A23,'[1]PROGRAMA 123'!$A:$A&'[1]PROGRAMA 123'!$B:$B,'[1]PROGRAMA 123'!E:E,0),_xlfn.XLOOKUP("DER"&$A23,'[2]PROGRAMA 123'!$A:$A&'[2]PROGRAMA 123'!$B:$B,'[2]PROGRAMA 123'!E:E,0))} -> 0 | R23: =IFERROR(Q23/$N23,0) -> 0 | S23: =N23-O23 -> 34 | T23: =IFERROR(S23/$N23,0) -> 0.91891892
A24: 202220 | B24: {=IF(RIGHT($A24,2)="10",_xlfn.XLOOKUP("DER"&$A24,[1]PROGRAMA!$A:$A&[1]PROGRAMA!$B:$B,[1]PROGRAMA!C:C,0),_xlfn.XLOOKUP("DER"&$A24,[2]PROGRAMA!$A:$A&[2]PROGRAMA!$B:$B,[2]PROGRAMA!C:C,0))} -> 35 | C24: {=IF(RIGHT($A24,2)="10",_xlfn.XLOOKUP("DER"&$A24,[1]PROGRAMA!$A:$A&[1]PROGRAMA!$B:$B,[1]PROGRAMA!D:D,0),_xlfn.XLOOKUP("DER"&$A24,[2]PROGRAMA!$A:$A&[2]PROGRAMA!$B:$B,[2]PROGRAMA!D:D,0))} -> 6 | D24: =IFERROR(C24/$B24,0) -> 0.17142857 | E24: {=IF(RIGHT($A24,2)="10",_xlfn.XLOOKUP("DER"&$A24,[1]PROGRAMA!$A:$A&[1]PROGRAMA!$B:$B,[1]PROGRAMA!E:E,0),_xlfn.XLOOKUP("DER"&$A24,[2]PROGRAMA!$A:$A&[2]PROGRAMA!$B:$B,[2]PROGRAMA!E:E,0))} -> 0 | F24: =IFERROR(E24/$B24,0) -> 0 | G24: =B24-C24 -> 29 | H24: =IFERROR(G24/$B24,0) -> 0.82857143 | M24: 202220 | N24: {=IF(RIGHT($A24,2)="10",_xlfn.XLOOKUP("DER"&$A24,'[1]PROGRAMA 123'!$A:$A&'[1]PROGRAMA 123'!$B:$B,'[1]PROGRAMA 123'!C:C,0),_xlfn.XLOOKUP("DER"&$A24,'[2]PROGRAMA 123'!$A:$A&'[2]PROGRAMA 123'!$B:$B,'[2]PROGRAMA 123'!C:C,0))} -> 22 | O24: {=IF(RIGHT($A24,2)="10",_xlfn.XLOOKUP("DER"&$A24,'[1]PROGRAMA 123'!$A:$A&'[1]PROGRAMA 123'!$B:$B,'[1]PROGRAMA 123'!D:D,0),_xlfn.XLOOKUP("DER"&$A24,'[2]PROGRAMA 123'!$A:$A&'[2]PROGRAMA 123'!$B:$B,'[2]PROGRAMA 123'!D:D,0))} -> 2 | P24: =IFERROR(O24/$N24,0) -> 0.090909091 | Q24: {=IF(RIGHT($A24,2)="10",_xlfn.XLOOKUP("DER"&$A24,'[1]PROGRAMA 123'!$A:$A&'[1]PROGRAMA 123'!$B:$B,'[1]PROGRAMA 123'!E:E,0),_xlfn.XLOOKUP("DER"&$A24,'[2]PROGRAMA 123'!$A:$A&'[2]PROGRAMA 123'!$B:$B,'[2]PROGRAMA 123'!E:E,0))} -> 0 | R24: =IFERROR(Q24/$N24,0) -> 0 | S24: =N24-O24 -> 20 | T24: =IFERROR(S24/$N24,0) -> 0.90909091
A25: 202310 | B25: 45 | C25: 5 | D25: 0.11111111 | E25: 0 | F25: 0 | G25: 40 | H25: 0.88888889 | M25: 202310 | N25: 28 | O25: 4 | P25: 0.14285714 | Q25: 0 | R25: 0 | S25: 24 | T25: 0.85714286
A27: Indicador institucional - 1d. Retiro temprano % de retiro de las cohortes con 3 semestres de estudio calculado en una ventana de 1 año | M27: Indicador institucional - 3b. Retiro temprano 1, 2 y 3 % de retiro de las cohortes con 3 semestres de estudio calculado en una ventana de 1 año
A28: *2014 122-131 | B28: 2015 132-141 | C28: 2016 142-151 | D28: 2017 152-161 | E28: 2018 162-171 | F28: 2019 172-181 | G28: 2020 182-191 | H28: 2021 192-201 | I28: 2022 202-211 | J28: ='1d. Retiro temprano.'!K30 -> 2023 212-221 | K28: ='1d. Retiro temprano.'!L30 -> 2024-1*** 222 | M28: **2014 122-131 | N28: 2015 132-141 | O28: 2016 142-151 | P28: 2017 152-161 | Q28: 2018 162-171 | R28: 2019 172-181 | S28: 2020 182-191 | T28: 2021 192-201 | U28: 2022 202-211 | V28: =J28 -> 2023 212-221 | W28: =K28 -> 2024-1*** 222
A29: =D5 -> 0.14285714 | B29: =+((B6*D6)+(B7*D7))/(B6+B7) -> 0.27466667 | C29: =((B8*D8)+(B9*D9))/(B8+B9) -> 0.25022414 | D29: =+((B10*D10)+(B11*D11))/(B10+B11) -> 0.24626866 | E29: =((B12*D12)+(B13*D13))/(B12+B13) -> 0.22018349 | F29: =((B14*D14)+(B15*D15))/(B14+B15) -> 0.12380952 | G29: =((B16*D16)+(B17*D17))/(B16+B17) -> 0.1827957 | H29: =((B18*D18)+(B19*D19))/(B18+B19) -> 0.29411765 | I29: =((B20*D20)+(B21*D21))/(B20+B21) -> 0.096 | J29: =(C22+C23)/(B22+B23) -> 0.15853659 | K29: =D24 -> 0.17142857 | M29: =P5 -> 0.13636364 | N29: =+((N6*P6)+(N7*P7))/(N6+N7) -> 0.32270968 | O29: =((N8*P8)+(N9*P9))/(N8+N9) -> 0.27820253 | P29: =+((N10*P10)+(N11*P11))/(N10+N11) -> 0.2745098 | Q29: =((N12*P12)+(N13*P13))/(N12+N13) -> 0.24 | R29: =((N14*P14)+(N15*P15))/(N14+N15) -> 0.11290323 | S29: =((N16*P16)+(N17*P17))/(N16+N17) -> 0.17021277 | T29: =((N18*P18)+(N19*P19))/(N18+N19) -> 0.33333333 | U29: =((N20*P20)+(N21*P21))/(N20+N21) -> 0.048192771 | V29: =(O22+O23)/(N22+N23) -> 0.12765957 | W29: =P24 -> 0.090909091
A30: * para el año 2014 solo se tomó el porcentaje de retiro del periodo 131 porque no se contaba con el porcentaje del periodo 122 | M30: * para el año 2014 solo se tomó el porcentaje de retiro del periodo 131 porque no se contaba con el porcentaje del periodo 122
A31: ** Para el periodo 2024-1 sólo se tomo el procentaje de 202220 que a esa fecha de medición cumple 3 semestres de estudio cursado y están en su cuarto semestre. | M31: ** Para el periodo 2024-1 sólo se tomo el procentaje de 202220 que a esa fecha de medición cumple 3 semestres de estudio cursado y están en su cuarto semestre.

Sheet CIP
A1: Fecha de corte: grados 2024-2. | M1: Fecha de corte: grados 2024-2.
A3: RETIRO TEMPRANO CIP | M3: RETIRO TEMPRANO CIP-ESTRATOS 1, 2 Y 3
A4: Periodo de ingreso - Estudiante | B4: No. Estudiantes al periodo de ingreso | C4: No. Retirados al iniciar el 4to semestre | D4: % Retiro al iniciar el 4to semestre | E4: No. Graduados al iniciar el 4to semestre | F4: % Graduados al iniciar el 4to semestre | G4: Est. Activos al iniciar 4to semestre | H4: % Activos de estudiantes activos al iniciar 4to semestre | M4: Periodo de ingreso - Estudiante | N4: No. Estudiantes al periodo de ingreso | O4: No. Retirados al iniciar el 4to semestre | P4: % Retiro al iniciar el 4to semestre | Q4: No. Graduados al iniciar el 4to semestre | R4: % Graduados al iniciar el 4to semestre | S4: Est. Activos al iniciar 4to semestre | T4: % Activos de estudiantes activos al iniciar 4to semestre
A5: 201310 | B5: 9 | C5: 1 | D5: 0.11111111 | E5: 0 | F5: 0 | G5: 8 | H5: 0.88888889 | M5: 201310 | N5: 7 | O5: 0 | P5: 0 | Q5: 0 | R5: 0 | S5: 7 | T5: 1
A6: 201320 | B6: 17 | C6: 7 | D6: 0.41176471 | E6: 0 | F6: 0 | G6: 10 | H6: 0.58823529 | M6: 201320 | N6: 5 | O6: 1 | P6: 0.2 | Q6: 0 | R6: 0 | S6: 4 | T6: 0.8
A7: 201410 | B7: 18 | C7: 7 | D7: 0.389 | E7: 0 | F7: 0 | G7: 11 | H7: 0.611 | M7: 201410 | N7: 13 | O7: 6 | P7: 0.462 | Q7: 0 | R7: 0 | S7: 7 | T7: 0.538
A8: 201420 | B8: 32 | C8: 7 | D8: 0.219 | E8: 0 | F8: 0 | G8: 25 | H8: 0.781 | M8: 201420 | N8: 19 | O8: 4 | P8: 0.211 | Q8: 0 | R8: 0 | S8: 15 | T8: 0.789
A9: 201510 | B9: 25 | C9: 3 | D9: 0.12 | E9: 0 | F9: 0 | G9: 22 | H9: 0.88 | M9: 201510 | N9: 21 | O9: 3 | P9: 0.143 | Q9: 0 | R9: 0 | S9: 18 | T9: 0.857
A10: 201520 | B10: 15 | C10: 1 | D10: 0.066666667 | E10: 0 | F10: 0 | G10: 14 | H10: 0.93333333 | M10: 201520 | N10: 5 | O10: 1 | P10: 0.2 | Q10: 0 | R10: 0 | S10: 4 | T10: 0.8
A11: 201610 | B11: 28 | C11: 4 | D11: 0.14285714 | E11: 0 | F11: 0 | G11: 24 | H11: 0.85714286 | M11: 201610 | N11: 21 | O11: 3 | P11: 0.14285714 | Q11: 0 | R11: 0 | S11: 18 | T11: 0.85714286
A12: 201620 | B12: 29 | C12: 8 | D12: 0.27586207 | E12: 0 | F12: 0 | G12: 21 | H12: 0.72413793 | M12: 201620 | N12: 19 | O12: 6 | P12: 0.31578947 | Q12: 0 | R12: 0 | S12: 13 | T12: 0.68421053
A13: 201710 | B13: 17 | C13: 2 | D13: 0.11764706 | E13: 0 | F13: 0 | G13: 15 | H13: 0.88235294 | M13: 201710 | N13: 13 | O13: 1 | P13: 0.076923077 | Q13: 0 | R13: 0 | S13: 12 | T13: 0.92307692
A14: 201720 | B14: 21 | C14: 3 | D14: 0.14285714 | E14: 0 | F14: 0 | G14: 18 | H14: 0.85714286 | M14: 201720 | N14: 9 | O14: 1 | P14: 0.11111111 | Q14: 0 | R14: 0 | S14: 8 | T14: 0.88888889
A15: 201810 | B15: 15 | C15: 3 | D15: 0.2 | E15: 0 | F15: 0 | G15: 12 | H15: 0.8 | M15: 201810 | N15: 7 | O15: 1 | P15: 0.14285714 | Q15: 0 | R15: 0 | S15: 6 | T15: 0.85714286
A16: 201820 | B16: 20 | C16: 2 | D16: 0.1 | E16: 0 | F16: 0 | G16: 18 | H16: 0.9 | M16: 201820 | N16: 7 | O16: 0 | P16: 0 | Q16: 0 | R16: 0 | S16: 7 | T16: 1
... A22: 202120 | B22: 12 | C22: 3 | D22: 0.25 | E22: 0 | F22: 0 | G22: 9 | H22: 0.75 | M22: 202120 | N22: 9 | O22: 2 | P22: 0.22222222 | Q22: 0 | R22: 0 | S22: 7 | T22: 0.77777778
A23: 202210 | B23: {=IF(RIGHT($A23,2)="10",_xlfn.XLOOKUP("CIP"&$A23,[1]PROGRAMA!$A:$A&[1]PROGRAMA!$B:$B,[1]PROGRAMA!C:C,0),_xlfn.XLOOKUP("CIP"&$A23,[2]PROGRAMA!$A:$A&[2]PROGRAMA!$B:$B,[2]PROGRAMA!C:C,0))} -> 32 | C23: {=IF(RIGHT($A23,2)="10",_xlfn.XLOOKUP("CIP"&$A23,[1]PROGRAMA!$A:$A&[1]PROGRAMA!$B:$B,[1]PROGRAMA!D:D,0),_xlfn.XLOOKUP("CIP"&$A23,[2]PROGRAMA!$A:$A&[2]PROGRAMA!$B:$B,[2]PROGRAMA!D:D,0))} -> 3 | D23: =IFERROR(C23/$B23,0) -> 0.09375 | E23: {=IF(RIGHT($A23,2)="10",_xlfn.XLOOKUP("CIP"&$A23,[1]PROGRAMA!$A:$A&[1]PROGRAMA!$B:$B,[1]PROGRAMA!E:E,0),_xlfn.XLOOKUP("CIP"&$A23,[2]PROGRAMA!$A:$A&[2]PROGRAMA!$B:$B,[2]PROGRAMA!E:E,0))} -> 0 | F23: =IFERROR(E23/$N23,0) -> 0 | G23: =B23-C23 -> 29 | H23: =IFERROR(G23/$N23,0) -> 1.3809524 | M23: 202210 | N23: {=IF(RIGHT($A23,2)="10",_xlfn.XLOOKUP("CIP"&$A23,'[1]PROGRAMA 123'!$A:$A&'[1]PROGRAMA 123'!$B:$B,'[1]PROGRAMA 123'!C:C,0),_xlfn.XLOOKUP("CIP"&$A23,'[2]PROGRAMA 123'!$A:$A&'[2]PROGRAMA 123'!$B:$B,'[2]PROGRAMA 123'!C:C,0))} -> 21 | O23: {=IF(RIGHT($A23,2)="10",_xlfn.XLOOKUP("CIP"&$A23,'[1]PROGRAMA 123'!$A:$A&'[1]PROGRAMA 123'!$B:$B,'[1]PROGRAMA 123'!D:D,0),_xlfn.XLOOKUP("CIP"&$A23,'[2]PROGRAMA 123'!$A:$A&'[2]PROGRAMA 123'!$B:$B,'[2]PROGRAMA 123'!D:D,0))} -> 3 | P23: =IFERROR(O23/$N23,0) -> 0.14285714 | Q23: {=IF(RIGHT($A23,2)="10",_xlfn.XLOOKUP("CIP"&$A23,'[1]PROGRAMA 123'!$A:$A&'[1]PROGRAMA 123'!$B:$B,'[1]PROGRAMA 123'!E:E,0),_xlfn.XLOOKUP("CIP"&$A23,'[2]PROGRAMA 123'!$A:$A&'[2]PROGRAMA 123'!$B:$B,'[2]PROGRAMA 123'!E:E,0))} -> 0 | R23: =IFERROR(Q23/$N23,0) -> 0 | S23: =N23-O23 -> 18 | T23: =IFERROR(S23/$N23,0) -> 0.85714286
A24: 202220 | B24: {=IF(RIGHT($A24,2)="10",_xlfn.XLOOKUP("CIP"&$A24,[1]PROGRAMA!$A:$A&[1]PROGRAMA!$B:$B,[1]PROGRAMA!C:C,0),_xlfn.XLOOKUP("CIP"&$A24,[2]PROGRAMA!$A:$A&[2]PROGRAMA!$B:$B,[2]PROGRAMA!C:C,0))} -> 22 | C24: {=IF(RIGHT($A24,2)="10",_xlfn.XLOOKUP("CIP"&$A24,[1]PROGRAMA!$A:$A&[1]PROGRAMA!$B:$B,[1]PROGRAMA!D:D,0),_xlfn.XLOOKUP("CIP"&$A24,[2]PROGRAMA!$A:$A&[2]PROGRAMA!$B:$B,[2]PROGRAMA!D:D,0))} -> 3 | D24: =IFERROR(C24/$B24,0) -> 0.13636364 | E24: {=IF(RIGHT($A24,2)="10",_xlfn.XLOOKUP("CIP"&$A24,[1]PROGRAMA!$A:$A&[1]PROGRAMA!$B:$B,[1]PROGRAMA!E:E,0),_xlfn.XLOOKUP("CIP"&$A24,[2]PROGRAMA!$A:$A&[2]PROGRAMA!$B:$B,[2]PROGRAMA!E:E,0))} -> 0 | F24: =IFERROR(E24/$N24,0) -> 0 | G24: =B24-C24 -> 19 | H24: =IFERROR(G24/$N24,0) -> 2.375 | M24: 202220 | N24: {=IF(RIGHT($A24,2)="10",_xlfn.XLOOKUP("CIP"&$A24,'[1]PROGRAMA 123'!$A:$A&'[1]PROGRAMA 123'!$B:$B,'[1]PROGRAMA 123'!C:C,0),_xlfn.XLOOKUP("CIP"&$A24,'[2]PROGRAMA 123'!$A:$A&'[2]PROGRAMA 123'!$B:$B,'[2]PROGRAMA 123'!C:C,0))} -> 8 | O24: {=IF(RIGHT($A24,2)="10",_xlfn.XLOOKUP("CIP"&$A24,'[1]PROGRAMA 123'!$A:$A&'[1]PROGRAMA 123'!$B:$B,'[1]PROGRAMA 123'!D:D,0),_xlfn.XLOOKUP("CIP"&$A24,'[2]PROGRAMA 123'!$A:$A&'[2]PROGRAMA 123'!$B:$B,'[2]PROGRAMA 123'!D:D,0))} -> 1 | P24: =IFERROR(O24/$N24,0) -> 0.125 | Q24: {=IF(RIGHT($A24,2)="10",_xlfn.XLOOKUP("CIP"&$A24,'[1]PROGRAMA 123'!$A:$A&'[1]PROGRAMA 123'!$B:$B,'[1]PROGRAMA 123'!E:E,0),_xlfn.XLOOKUP("CIP"&$A24,'[2]PROGRAMA 123'!$A:$A&'[2]PROGRAMA 123'!$B:$B,'[2]PROGRAMA 123'!E:E,0))} -> 0 | R24: =IFERROR(Q24/$N24,0) -> 0 | S24: =N24-O24 -> 7 | T24: =IFERROR(S24/$N24,0) -> 0.875
A25: 202310 | B25: 25 | C25: 1 | D25: 0.04 | E25: 0 | F25: 0 | G25: 24 | H25: 0.96 | M25: 202310 | N25: 18 | O25: 1 | P25: 0.055555556 | Q25: 0 | R25: 0 | S25: 17 | T25: 0.94444444
A27: Indicador institucional - 1d. Retiro temprano % de retiro de las cohortes con 3 semestres de estudio calculado en una ventana de 1 año | M27: Indicador institucional - 3b. Retiro temprano 1, 2 y 3 % de retiro de las cohortes con 3 semestres de estudio calculado en una ventana de 1 año
A28: *2014 122-131 | B28: 2015 132-141 | C28: 2016 142-151 | D28: 2017 152-161 | E28: 2018 162-171 | F28: 2019 172-181 | G28: 2020 182-191 | H28: 2021 192-201 | I28: 2022 202-211 | J28: ='1d. Retiro temprano.'!K30 -> 2023 212-221 | K28: ='1d. Retiro temprano.'!L30 -> 2024-1*** 222 | M28: **2014 122-131 | N28: 2015 132-141 | O28: 2016 142-151 | P28: 2017 152-161 | Q28: 2018 162-171 | R28: 2019 172-181 | S28: 2020 182-191 | T28: 2021 192-201 | U28: 2022 202-211 | V28: =J28 -> 2023 212-221 | W28: =K28 -> 2024-1*** 222
A29: =D5 -> 0.11111111 | B29: =+((B6*D6)+(B7*D7))/(B6+B7) -> 0.40005714 | C29: =((B8*D8)+(B9*D9))/(B8+B9) -> 0.17557895 | D29: =+((B10*D10)+(B11*D11))/(B10+B11) -> 0.11627907 | E29: =((B12*D12)+(B13*D13))/(B12+B13) -> 0.2173913 | F29: =((B14*D14)+(B15*D15))/(B14+B15) -> 0.16666667 | G29: =((B16*D16)+(B17*D17))/(B16+B17) -> 0.2 | H29: =((B18*D18)+(B19*D19))/(B18+B19) -> 0.375 | I29: =((B20*D20)+(B21*D21))/(B20+B21) -> 0.14583333 | J29: =(C22+C23)/(B22+B23) -> 0.13636364 | K29: =D24 -> 0.13636364 | M29: =P5 -> 0 | N29: =+((N6*P6)+(N7*P7))/(N6+N7) -> 0.38922222 | O29: =((N8*P8)+(N9*P9))/(N8+N9) -> 0.1753 | P29: =+((N10*P10)+(N11*P11))/(N10+N11) -> 0.15384615 | Q29: =((N12*P12)+(N13*P13))/(N12+N13) -> 0.21875 | R29: =((N14*P14)+(N15*P15))/(N14+N15) -> 0.125 | S29: =((N16*P16)+(N17*P17))/(N16+N17) -> 0.19047619 | T29: =((N18*P18)+(N19*P19))/(N18+N19) -> 0.1 | U29: =((N20*P20)+(N21*P21))/(N20+N21) -> 0.088888889 | V29: =(O22+O23)/(N22+N23) -> 0.16666667 | W29: =P24 -> 0.125
A30: * para el año 2014 solo se tomó el porcentaje de retiro del periodo 131 porque no se contaba con el porcentaje del periodo 122 | M30: * para el año 2014 solo se tomó el porcentaje de retiro del periodo 131 porque no se contaba con el porcentaje del periodo 122
A31: ** Para el periodo 2024-1 sólo se tomo el procentaje de 202220 que a esa fecha de medición cumple 3 semestres de estudio cursado y están en su cuarto semestre. | M31: ** Para el periodo 2024-1 sólo se tomo el procentaje de 202220 que a esa fecha de medición cumple 3 semestres de estudio cursado y están en su cuarto semestre.

Sheet PSI
A1: Fecha de corte: grados 2024-2. | M1: Fecha de corte: grados 2024-2.
A3: RETIRO TEMPRANO PSI | M3: RETIRO TEMPRANO PSI-ESTRATOS 1, 2 Y 3
A4: Periodo de ingreso - Estudiante | B4: No. Estudiantes al periodo de ingreso | C4: No. Retirados al iniciar el 4to semestre | D4: % Retiro al iniciar el 4to semestre | E4: No. Graduados al iniciar el 4to semestre | F4: % Graduados al iniciar el 4to semestre | G4: Est. Activos al iniciar 4to semestre | H4: % Activos de estudiantes activos al iniciar 4to semestre | M4: Periodo de ingreso - Estudiante | N4: No. Estudiantes al periodo de ingreso | O4: No. Retirados al iniciar el 4to semestre | P4: % Retiro al iniciar el 4to semestre | Q4: No. Graduados al iniciar el 4to semestre | R4: % Graduados al iniciar el 4to semestre | S4: Est. Activos al iniciar 4to semestre | T4: % Activos de estudiantes activos al iniciar 4to semestre
A5: 201310 | B5: 19 | C5: 4 | D5: 0.21052632 | E5: 0 | F5: 0 | G5: 15 | H5: 0.78947368 | M5: 201310 | N5: 17 | O5: 4 | P5: 0.23529412 | Q5: 0 | R5: 0 | S5: 13 | T5: 0.76470588
A6: 201320 | B6: 11 | C6: 4 | D6: 0.36363636 | E6: 0 | F6: 0 | G6: 7 | H6: 0.63636364 | M6: 201320 | N6: 7 | O6: 2 | P6: 0.28571429 | Q6: 0 | R6: 0 | S6: 5 | T6: 0.71428571
A7: 201410 | B7: 24 | C7: 5 | D7: 0.208 | E7: 0 | F7: 0 | G7: 19 | H7: 0.792 | M7: 201410 | N7: 17 | O7: 4 | P7: 0.235 | Q7: 0 | R7: 0 | S7: 13 | T7: 0.765
A8: 201420 | B8: 21 | C8: 3 | D8: 0.143 | E8: 0 | F8: 0 | G8: 18 | H8: 0.857 | M8: 201420 | N8: 17 | O8: 3 | P8: 0.176 | Q8: 0 | R8: 0 | S8: 14 | T8: 0.824
A9: 201510 | B9: 81 | C9: 8 | D9: 0.099 | E9: 0 | F9: 0 | G9: 73 | H9: 0.901 | M9: 201510 | N9: 72 | O9: 7 | P9: 0.097 | Q9: 0 | R9: 0 | S9: 65 | T9: 0.903
A10: 201520 | B10: 22 | C10: 9 | D10: 0.40909091 | E10: 0 | F10: 0 | G10: 13 | H10: 0.59090909 | M10: 201520 | N10: 12 | O10: 5 | P10: 0.41666667 | Q10: 0 | R10: 0 | S10: 7 | T10: 0.58333333
A11: 201610 | B11: 64 | C11: 13 | D11: 0.203125 | E11: 0 | F11: 0 | G11: 51 | H11: 0.796875 | M11: 201610 | N11: 57 | O11: 11 | P11: 0.19298246 | Q11: 0 | R11: 0 | S11: 46 | T11: 0.80701754
A12: 201620 | B12: 25 | C12: 6 | D12: 0.24 | E12: 0 | F12: 0 | G12: 19 | H12: 0.76 | M12: 201620 | N12: 11 | O12: 2 | P12: 0.18181818 | Q12: 0 | R12: 0 | S12: 9 | T12: 0.81818182
A13: 201710 | B13: 45 | C13: 13 | D13: 0.28888889 | E13: 0 | F13: 0 | G13: 32 | H13: 0.71111111 | M13: 201710 | N13: 33 | O13: 8 | P13: 0.24242424 | Q13: 0 | R13: 0 | S13: 25 | T13: 0.75757576
A14: 201720 | B14: 25 | C14: 5 | D14: 0.2 | E14: 0 | F14: 0 | G14: 20 | H14: 0.8 | M14: 201720 | N14: 13 | O14: 2 | P14: 0.15384615 | Q14: 0 | R14: 0 | S14: 11 | T14: 0.84615385
A15: 201810 | B15: 37 | C15: 7 | D15: 0.18918919 | E15: 0 | F15: 0 | G15: 30 | H15: 0.81081081 | M15: 201810 | N15: 27 | O15: 5 | P15: 0.18518519 | Q15: 0 | R15: 0 | S15: 22 | T15: 0.81481481
A16: 201820 | B16: 32 | C16: 6 | D16: 0.1875 | E16: 0 | F16: 0 | G16: 26 | H16: 0.8125 | M16: 201820 | N16: 16 | O16: 4 | P16: 0.25 | Q16: 0 | R16: 0 | S16: 12 | T16: 0.75
... A22: 202120 | B22: 16 | C22: 3 | D22: 0.1875 | E22: 0 | F22: 0 | G22: 13 | H22: 0.8125 | M22: 202120 | N22: 12 | O22: 2 | P22: 0.16666667 | Q22: 0 | R22: 0 | S22: 10 | T22: 0.83333333
A23: 202210 | B23: {=IF(RIGHT($A23,2)="10",_xlfn.XLOOKUP("PSI"&$A23,[1]PROGRAMA!$A:$A&[1]PROGRAMA!$B:$B,[1]PROGRAMA!C:C,0),_xlfn.XLOOKUP("PSI"&$A23,[2]PROGRAMA!$A:$A&[2]PROGRAMA!$B:$B,[2]PROGRAMA!C:C,0))} -> 36 | C23: {=IF(RIGHT($A23,2)="10",_xlfn.XLOOKUP("PSI"&$A23,[1]PROGRAMA!$A:$A&[1]PROGRAMA!$B:$B,[1]PROGRAMA!D:D,0),_xlfn.XLOOKUP("PSI"&$A23,[2]PROGRAMA!$A:$A&[2]PROGRAMA!$B:$B,[2]PROGRAMA!D:D,0))} -> 3 | D23: =IFERROR(C23/$B23,0) -> 0.083333333 | E23: {=IF(RIGHT($A23,2)="10",_xlfn.XLOOKUP("PSI"&$A23,[1]PROGRAMA!$A:$A&[1]PROGRAMA!$B:$B,[1]PROGRAMA!E:E,0),_xlfn.XLOOKUP("PSI"&$A23,[2]PROGRAMA!$A:$A&[2]PROGRAMA!$B:$B,[2]PROGRAMA!E:E,0))} -> 0 | F23: =IFERROR(E23/$B23,0) -> 0 | G23: =B23-C23 -> 33 | H23: =IFERROR(G23/$B23,0) -> 0.91666667 | M23: 202210 | N23: {=IF(RIGHT($A23,2)="10",_xlfn.XLOOKUP("PSI"&$A23,'[1]PROGRAMA 123'!$A:$A&'[1]PROGRAMA 123'!$B:$B,'[1]PROGRAMA 123'!C:C,0),_xlfn.XLOOKUP("PSI"&$A23,'[2]PROGRAMA 123'!$A:$A&'[2]PROGRAMA 123'!$B:$B,'[2]PROGRAMA 123'!C:C,0))} -> 27 | O23: {=IF(RIGHT($A23,2)="10",_xlfn.XLOOKUP("PSI"&$A23,'[1]PROGRAMA 123'!$A:$A&'[1]PROGRAMA 123'!$B:$B,'[1]PROGRAMA 123'!D:D,0),_xlfn.XLOOKUP("PSI"&$A23,'[2]PROGRAMA 123'!$A:$A&'[2]PROGRAMA 123'!$B:$B,'[2]PROGRAMA 123'!D:D,0))} -> 1 | P23: =IFERROR(O23/$N23,0) -> 0.037037037 | Q23: {=IF(RIGHT($A23,2)="10",_xlfn.XLOOKUP("PSI"&$A23,'[1]PROGRAMA 123'!$A:$A&'[1]PROGRAMA 123'!$B:$B,'[1]PROGRAMA 123'!E:E,0),_xlfn.XLOOKUP("PSI"&$A23,'[2]PROGRAMA 123'!$A:$A&'[2]PROGRAMA 123'!$B:$B,'[2]PROGRAMA 123'!E:E,0))} -> 0 | R23: =IFERROR(Q23/$N23,0) -> 0 | S23: =N23-O23 -> 26 | T23: =IFERROR(S23/$N23,0) -> 0.96296296
A24: 202220 | B24: {=IF(RIGHT($A24,2)="10",_xlfn.XLOOKUP("PSI"&$A24,[1]PROGRAMA!$A:$A&[1]PROGRAMA!$B:$B,[1]PROGRAMA!C:C,0),_xlfn.XLOOKUP("PSI"&$A24,[2]PROGRAMA!$A:$A&[2]PROGRAMA!$B:$B,[2]PROGRAMA!C:C,0))} -> 26 | C24: {=IF(RIGHT($A24,2)="10",_xlfn.XLOOKUP("PSI"&$A24,[1]PROGRAMA!$A:$A&[1]PROGRAMA!$B:$B,[1]PROGRAMA!D:D,0),_xlfn.XLOOKUP("PSI"&$A24,[2]PROGRAMA!$A:$A&[2]PROGRAMA!$B:$B,[2]PROGRAMA!D:D,0))} -> 5 | D24: =IFERROR(C24/$B24,0) -> 0.19230769 | E24: {=IF(RIGHT($A24,2)="10",_xlfn.XLOOKUP("PSI"&$A24,[1]PROGRAMA!$A:$A&[1]PROGRAMA!$B:$B,[1]PROGRAMA!E:E,0),_xlfn.XLOOKUP("PSI"&$A24,[2]PROGRAMA!$A:$A&[2]PROGRAMA!$B:$B,[2]PROGRAMA!E:E,0))} -> 0 | F24: =IFERROR(E24/$B24,0) -> 0 | G24: =B24-C24 -> 21 | H24: =IFERROR(G24/$B24,0) -> 0.80769231 | M24: 202220 | N24: {=IF(RIGHT($A24,2)="10",_xlfn.XLOOKUP("PSI"&$A24,'[1]PROGRAMA 123'!$A:$A&'[1]PROGRAMA 123'!$B:$B,'[1]PROGRAMA 123'!C:C,0),_xlfn.XLOOKUP("PSI"&$A24,'[2]PROGRAMA 123'!$A:$A&'[2]PROGRAMA 123'!$B:$B,'[2]PROGRAMA 123'!C:C,0))} -> 16 | O24: {=IF(RIGHT($A24,2)="10",_xlfn.XLOOKUP("PSI"&$A24,'[1]PROGRAMA 123'!$A:$A&'[1]PROGRAMA 123'!$B:$B,'[1]PROGRAMA 123'!D:D,0),_xlfn.XLOOKUP("PSI"&$A24,'[2]PROGRAMA 123'!$A:$A&'[2]PROGRAMA 123'!$B:$B,'[2]PROGRAMA 123'!D:D,0))} -> 2 | P24: =IFERROR(O24/$N24,0) -> 0.125 | Q24: {=IF(RIGHT($A24,2)="10",_xlfn.XLOOKUP("PSI"&$A24,'[1]PROGRAMA 123'!$A:$A&'[1]PROGRAMA 123'!$B:$B,'[1]PROGRAMA 123'!E:E,0),_xlfn.XLOOKUP("PSI"&$A24,'[2]PROGRAMA 123'!$A:$A&'[2]PROGRAMA 123'!$B:$B,'[2]PROGRAMA 123'!E:E,0))} -> 0 | R24: =IFERROR(Q24/$N24,0) -> 0 | S24: =N24-O24 -> 14 | T24: =IFERROR(S24/$N24,0) -> 0.875
A25: 202310 | B25: 32 | C25: 10 | D25: 0.3125 | E25: 0 | F25: 0 | G25: 22 | H25: 0.6875 | M25: 202310 | N25: 19 | O25: 7 | P25: 0.36842105 | Q25: 0 | R25: 0 | S25: 12 | T25: 0.63157895
A27: Indicador institucional - 1d. Retiro temprano % de retiro de las cohortes con 3 semestres de estudio calculado en una ventana de 1 año | M27: Indicador institucional - 3b. Retiro temprano 1, 2 y 3 % de retiro de las cohortes con 3 semestres de estudio calculado en una ventana de 1 año
A28: *2014 122-131 | B28: 2015 132-141 | C28: 2016 142-151 | D28: 2017 152-161 | E28: 2018 162-171 | F28: 2019 172-181 | G28: 2020 182-191 | H28: 2021 192-201 | I28: 2022 202-211 | J28: ='1d. Retiro temprano.'!K30 -> 2023 212-221 | K28: ='1d. Retiro temprano.'!L30 -> 2024-1*** 222 | M28: **2014 122-131 | N28: 2015 132-141 | O28: 2016 142-151 | P28: 2017 152-161 | Q28: 2018 162-171 | R28: 2019 172-181 | S28: 2020 182-191 | T28: 2021 192-201 | U28: 2022 202-211 | V28: =J28 -> 2023 212-221 | W28: =K28 -> 2024-1*** 222
A29: =D5 -> 0.21052632 | B29: =+((B6*D6)+(B7*D7))/(B6+B7) -> 0.25691429 | C29: =((B8*D8)+(B9*D9))/(B8+B9) -> 0.10805882 | D29: =+((B10*D10)+(B11*D11))/(B10+B11) -> 0.25581395 | E29: =((B12*D12)+(B13*D13))/(B12+B13) -> 0.27142857 | F29: =((B14*D14)+(B15*D15))/(B14+B15) -> 0.19354839 | G29: =((B16*D16)+(B17*D17))/(B16+B17) -> 0.19230769 | H29: =((B18*D18)+(B19*D19))/(B18+B19) -> 0.1754386 | I29: =((B20*D20)+(B21*D21))/(B20+B21) -> 0.16666667 | J29: =(C22+C23)/(B22+B23) -> 0.11538462 | K29: =D24 -> 0.19230769 | M29: =P5 -> 0.23529412 | N29: =+((N6*P6)+(N7*P7))/(N6+N7) -> 0.24979167 | O29: =((N8*P8)+(N9*P9))/(N8+N9) -> 0.11208989 | P29: =+((N10*P10)+(N11*P11))/(N10+N11) -> 0.23188406 | Q29: =((N12*P12)+(N13*P13))/(N12+N13) -> 0.22727273 | R29: =((N14*P14)+(N15*P15))/(N14+N15) -> 0.175 | S29: =((N16*P16)+(N17*P17))/(N16+N17) -> 0.2 | T29: =((N18*P18)+(N19*P19))/(N18+N19) -> 0.14285714 | U29: =((N20*P20)+(N21*P21))/(N20+N21) -> 0.11111111 | V29: =(O22+O23)/(N22+N23) -> 0.076923077 | W29: =P24 -> 0.125
A30: * para el año 2014 solo se tomó el porcentaje de retiro del periodo 131 porque no se contaba con el porcentaje del periodo 122 | M30: * para el año 2014 solo se tomó el porcentaje de retiro del periodo 131 porque no se contaba con el porcentaje del periodo 122
A31: ** Para el periodo 2024-1 sólo se tomo el procentaje de 202220 que a esa fecha de medición cumple 3 semestres de estudio cursado y están en su cuarto semestre. | M31: ** Para el periodo 2024-1 sólo se tomo el procentaje de 202220 que a esa fecha de medición cumple 3 semestres de estudio cursado y están en su cuarto semestre.

Sheet SOC
A1: Fecha de corte: grados 2024-2. | M1: Fecha de corte: grados 2024-2.
A3: RETIRO TEMPRANO SOC | M3: RETIRO TEMPRANO SOC-ESTRATOS 1, 2 Y 3
